/*
Navicat MySQL Data Transfer

Source Server         : Localhost
Source Server Version : 50621
Source Host           : localhost:3306
Source Database       : matkinhrayban.com

Target Server Type    : MYSQL
Target Server Version : 50621
File Encoding         : 65001

Date: 2015-08-21 08:58:21
*/

SET FOREIGN_KEY_CHECKS=0;

-- ----------------------------
-- Table structure for block_html
-- ----------------------------
DROP TABLE IF EXISTS `block_html`;
CREATE TABLE `block_html` (
  `id` int(10) unsigned NOT NULL AUTO_INCREMENT,
  `name` varchar(255) COLLATE utf8_unicode_ci DEFAULT NULL,
  `image` varchar(255) COLLATE utf8_unicode_ci DEFAULT NULL,
  `link` varchar(255) COLLATE utf8_unicode_ci DEFAULT NULL,
  `content` text COLLATE utf8_unicode_ci,
  `default_content` text COLLATE utf8_unicode_ci,
  `position` varchar(255) COLLATE utf8_unicode_ci DEFAULT NULL,
  `order` int(11) DEFAULT NULL,
  `state` tinyint(1) NOT NULL DEFAULT '1',
  `highlight` tinyint(1) NOT NULL DEFAULT '0',
  `created_at` timestamp NOT NULL DEFAULT '0000-00-00 00:00:00',
  `updated_at` timestamp NOT NULL DEFAULT '0000-00-00 00:00:00',
  PRIMARY KEY (`id`)
) ENGINE=InnoDB AUTO_INCREMENT=6 DEFAULT CHARSET=utf8 COLLATE=utf8_unicode_ci;

-- ----------------------------
-- Records of block_html
-- ----------------------------
INSERT INTO `block_html` VALUES ('1', 'Thông tin điện thoại, địa chỉ và facebook trên cùng của trang web', null, '', '<div class=\"global-navigation\">\r\n    <a href=\"#\" target=\"blank\"><span>Đặt hàng: 0905 25 1968</span></a>\r\n    <a href=\"huong-dan-mua-hang/\">Hướng dẫn mua hàng</a>\r\n    <a class=\"support\" href=\"#\">8B Biệt Thự và 36B Lê Thánh Tôn - Nha Trang</a>\r\n    <div class=\"clearfix\"></div>\r\n</div>', null, 'top_info', '0', '1', '0', '2015-06-05 04:13:59', '2015-08-15 09:33:37');
INSERT INTO `block_html` VALUES ('4', 'Thông tin về ở footer', null, '', '<aside id=\"meta-3\" class=\"widget widget_meta\">\r\n                <h3 class=\"widget-title\"><b>MATKINHRAYBAN.COM - MẮT KÍNH HÀNG HIỆU - Ở ĐÂU RẺ NHẤT Ở ĐÂY RẺ HƠN</b></h3>\r\n                <h3 class=\"widget-title\">Call/Viber/Zalo: 0905 25 1968 Gặp Hưng or 0989686799 Gặp Chị Trúc | Facebook: <a href=\"http://facebook.com\">Mắt kính RayBan</a></h3>\r\n                <h3 class=\"widget-title\">Cơ sở 1: 32B Lý Thánh Tôn - Cơ sở 2: 8B Biệt Thự, Nha Trang, Khánh Hòa</h3>\r\n                <h3 class=\"widget-title\">Copyright ©2015 MatKinhRayBan.Com. All Rights Reserved</h3>\r\n            </aside>', null, 'footer_info', '0', '1', '0', '2015-06-05 04:17:45', '2015-08-07 03:29:29');
INSERT INTO `block_html` VALUES ('5', 'Cam kết của shop ở trang chi tiết sản phẩm', null, '', '<p>\r\n    <strong>CAM KẾT CỦA SHOP:</strong>\r\n    <br>\r\n    <strong>1. Chỉ bán 1 loại mắt kính duy nhất, đó là loại đẹp nhất, tốt nhất.</strong>\r\n    <br>\r\n    <strong>2. Ảnh shop tự tay chụp. Hàng luôn có sẵn.</strong>\r\n    <br>\r\n    <strong>3. Tư vấn tận tình, chu đáo. Giao hàng nhanh chóng.</strong>\r\n    <br>\r\n    <strong>4. Thị trường có mẫu nào hot, là shop có mẫu đó.</strong>\r\n</p>\r\n<p>\r\n    Việc mua hàng online giờ cũng khá đơn giản nên các bạn cứ xem mẫu kính, ưng mẫu nào thì báo lại shop. Hoặc nếu thích nhiều mẫu mà chưa biết chọn cái nào thì có thể liên hệ để shop tư vấn cho hợp khuôn mặt, hợp phong cách và các xu hướng mới nhất.\r\n</p>\r\n<p><strong>THÔNG TIN LIÊN HỆ:</strong>\r\n    <br>\r\n    <b>Call/SMS/Viber/Zalo: <span style=\"color: #b01946;\">0905 25 1968</span></b>\r\n    <br>\r\n    <strong>Facebook :<a href=\"#\"> Mắt kính RayBan</a></strong>\r\n    <br>\r\n    <strong>Website: <a href=\"\">www.matkinhrayban.com</a></strong>\r\n    <br>\r\n    <strong>Cửa hàng:  32B Lý Thánh Tôn - Nha Trang - Khánh Hòa</strong>\r\n</p>\r\n', null, 'cam_ket', '0', '1', '0', '2015-08-15 08:35:55', '2015-08-15 08:55:54');

-- ----------------------------
-- Table structure for blogs
-- ----------------------------
DROP TABLE IF EXISTS `blogs`;
CREATE TABLE `blogs` (
  `id` int(10) unsigned NOT NULL AUTO_INCREMENT,
  `title` varchar(255) COLLATE utf8_unicode_ci NOT NULL,
  `description` varchar(255) COLLATE utf8_unicode_ci NOT NULL,
  `content` text COLLATE utf8_unicode_ci NOT NULL,
  `state` tinyint(1) NOT NULL DEFAULT '1',
  `highlight` tinyint(1) NOT NULL DEFAULT '0',
  `image` varchar(255) COLLATE utf8_unicode_ci DEFAULT NULL,
  `user_id` int(11) NOT NULL,
  `created_at` timestamp NOT NULL DEFAULT '0000-00-00 00:00:00',
  `updated_at` timestamp NOT NULL DEFAULT '0000-00-00 00:00:00',
  `alias` varchar(255) COLLATE utf8_unicode_ci DEFAULT NULL,
  PRIMARY KEY (`id`)
) ENGINE=InnoDB AUTO_INCREMENT=15 DEFAULT CHARSET=utf8 COLLATE=utf8_unicode_ci;

-- ----------------------------
-- Records of blogs
-- ----------------------------
INSERT INTO `blogs` VALUES ('9', 'Thần kinh khốn nạn.', 'Nhập dữ liệu chính xáĐó là hệ thống thần kinh mới, vừa được Giáo sư Ngô Bảo Châu, một nhà khoa học của Việt Nam tìm ra sau khi ông Vũ Đức Đam, trên cương vị Phó thủ tướng ký thế cho Thủ tướng chính phủ quyết định chấp thuận cho UBND thành phố Sơn La kinh ', '<p>Đ&oacute; l&agrave; hệ thống thần kinh mới, vừa được Gi&aacute;o sư Ng&ocirc; Bảo Ch&acirc;u, một nh&agrave; khoa học của Việt Nam t&igrave;m ra sau khi &ocirc;ng Vũ Đức Đam, tr&ecirc;n cương vị Ph&oacute; thủ tướng k&yacute; thế cho Thủ tướng ch&iacute;nh phủ quyết định chấp thuận cho UBND th&agrave;nh phố Sơn La kinh ph&iacute; 1.400 tỷ để x&acirc;y dựng tượng đ&agrave;i Hồ Ch&iacute; Minh trong th&agrave;nh phố.</p>\r\n\r\n<p>GS Ng&ocirc; Bảo Ch&acirc;u viết tr&ecirc;n Facebook của &ocirc;ng: &ldquo;Trẻ con ăn kh&ocirc;ng đủ no, &aacute;o kh&ocirc;ng đủ ấm, sinh hoạt như lũ th&uacute; hoang, m&agrave; bỏ ra 1400 tỷ để x&acirc;y tượng đ&agrave;i th&igrave; hoặc l&agrave; khốn nạn, hoặc l&agrave; thần kinh&rdquo;.</p>\r\n\r\n<p>R&otilde; r&agrave;ng l&agrave; GS Ch&acirc;u chơi chữ. Kh&ocirc;ng thể n&agrave;o một &ocirc;ng Ph&oacute; Thủ tướng lại mắc bệnh thần kinh, c&oacute; nghĩa l&agrave; t&acirc;m thần kh&ocirc;ng b&igrave;nh thường, k&yacute; những quyết định đi ngược lại với nh&acirc;n văn, với đạo l&yacute; d&acirc;n tộc. &Ocirc;ng chỉ c&oacute; thể &ldquo;khốn nạn&rdquo; trong &yacute; thức. &Ocirc;ng kh&ocirc;ng xem trẻ em l&ecirc; lết trong c&aacute;c m&aacute;i trường kh&ocirc;ng thua chuồng trại s&uacute;c vật đầy dẫy tại c&aacute;c tỉnh bi&ecirc;n giới m&agrave; Sơn La l&agrave; một điển h&igrave;nh của sự ngh&egrave;o t&uacute;ng c&ugrave;ng cực. &Ocirc;ng kh&ocirc;ng hề nghĩ tới h&agrave;ng chục ng&agrave;n hộ thiếu ăn quanh năm v&agrave; đối với họ chỉ cần đủ ăn đ&atilde; l&agrave; hạnh ph&uacute;c. Đối với họ Hồ Ch&iacute; Minh chỉ l&agrave; một cục đ&aacute; được dẽo gọt chỉ để đứng nh&igrave;n sự thống khổ, kiệt quệ của họ, những người quanh năm kh&ocirc;ng biết tới một mẩu thịt l&agrave; g&igrave;.</p>\r\n\r\n<p>Đ&oacute; l&agrave; hệ thống thần kinh mới, vừa được Gi&aacute;o sư Ng&ocirc; Bảo Ch&acirc;u, một nh&agrave; khoa học của Việt Nam t&igrave;m ra sau khi &ocirc;ng Vũ Đức Đam, tr&ecirc;n cương vị Ph&oacute; thủ tướng k&yacute; thế cho Thủ tướng ch&iacute;nh phủ quyết định chấp thuận cho UBND th&agrave;nh phố Sơn La kinh ph&iacute; 1.400 tỷ để x&acirc;y dựng tượng đ&agrave;i Hồ Ch&iacute; Minh trong th&agrave;nh phố.</p>\r\n\r\n<p>GS Ng&ocirc; Bảo Ch&acirc;u viết tr&ecirc;n Facebook của &ocirc;ng: &ldquo;Trẻ con ăn kh&ocirc;ng đủ no, &aacute;o kh&ocirc;ng đủ ấm, sinh hoạt như lũ th&uacute; hoang, m&agrave; bỏ ra 1400 tỷ để x&acirc;y tượng đ&agrave;i th&igrave; hoặc l&agrave; khốn nạn, hoặc l&agrave; thần kinh&rdquo;.</p>\r\n\r\n<p>R&otilde; r&agrave;ng l&agrave; GS Ch&acirc;u chơi chữ. Kh&ocirc;ng thể n&agrave;o một &ocirc;ng Ph&oacute; Thủ tướng lại mắc bệnh thần kinh, c&oacute; nghĩa l&agrave; t&acirc;m thần kh&ocirc;ng b&igrave;nh thường, k&yacute; những quyết định đi ngược lại với nh&acirc;n văn, với đạo l&yacute; d&acirc;n tộc. &Ocirc;ng chỉ c&oacute; thể &ldquo;khốn nạn&rdquo; trong &yacute; thức. &Ocirc;ng kh&ocirc;ng xem trẻ em l&ecirc; lết trong c&aacute;c m&aacute;i trường kh&ocirc;ng thua chuồng trại s&uacute;c vật đầy dẫy tại c&aacute;c tỉnh bi&ecirc;n giới m&agrave; Sơn La l&agrave; một điển h&igrave;nh của sự ngh&egrave;o t&uacute;ng c&ugrave;ng cực. &Ocirc;ng kh&ocirc;ng hề nghĩ tới h&agrave;ng chục ng&agrave;n hộ thiếu ăn quanh năm v&agrave; đối với họ chỉ cần đủ ăn đ&atilde; l&agrave; hạnh ph&uacute;c. Đối với họ Hồ Ch&iacute; Minh chỉ l&agrave; một cục đ&aacute; được dẽo gọt chỉ để đứng nh&igrave;n sự thống khổ, kiệt quệ của họ, những người quanh năm kh&ocirc;ng biết tới một mẩu thịt l&agrave; g&igrave;.</p>\r\n\r\n<p>Đ&oacute; l&agrave; hệ thống thần kinh mới, vừa được Gi&aacute;o sư Ng&ocirc; Bảo Ch&acirc;u, một nh&agrave; khoa học của Việt Nam t&igrave;m ra sau khi &ocirc;ng Vũ Đức Đam, tr&ecirc;n cương vị Ph&oacute; thủ tướng k&yacute; thế cho Thủ tướng ch&iacute;nh phủ quyết định chấp thuận cho UBND th&agrave;nh phố Sơn La kinh ph&iacute; 1.400 tỷ để x&acirc;y dựng tượng đ&agrave;i Hồ Ch&iacute; Minh trong th&agrave;nh phố.</p>\r\n\r\n<p>GS Ng&ocirc; Bảo Ch&acirc;u viết tr&ecirc;n Facebook của &ocirc;ng: &ldquo;Trẻ con ăn kh&ocirc;ng đủ no, &aacute;o kh&ocirc;ng đủ ấm, sinh hoạt như lũ th&uacute; hoang, m&agrave; bỏ ra 1400 tỷ để x&acirc;y tượng đ&agrave;i th&igrave; hoặc l&agrave; khốn nạn, hoặc l&agrave; thần kinh&rdquo;.</p>\r\n\r\n<p>R&otilde; r&agrave;ng l&agrave; GS Ch&acirc;u chơi chữ. Kh&ocirc;ng thể n&agrave;o một &ocirc;ng Ph&oacute; Thủ tướng lại mắc bệnh thần kinh, c&oacute; nghĩa l&agrave; t&acirc;m thần kh&ocirc;ng b&igrave;nh thường, k&yacute; những quyết định đi ngược lại với nh&acirc;n văn, với đạo l&yacute; d&acirc;n tộc. &Ocirc;ng chỉ c&oacute; thể &ldquo;khốn nạn&rdquo; trong &yacute; thức. &Ocirc;ng kh&ocirc;ng xem trẻ em l&ecirc; lết trong c&aacute;c m&aacute;i trường kh&ocirc;ng thua chuồng trại s&uacute;c vật đầy dẫy tại c&aacute;c tỉnh bi&ecirc;n giới m&agrave; Sơn La l&agrave; một điển h&igrave;nh của sự ngh&egrave;o t&uacute;ng c&ugrave;ng cực. &Ocirc;ng kh&ocirc;ng hề nghĩ tới h&agrave;ng chục ng&agrave;n hộ thiếu ăn quanh năm v&agrave; đối với họ chỉ cần đủ ăn đ&atilde; l&agrave; hạnh ph&uacute;c. Đối với họ Hồ Ch&iacute; Minh chỉ l&agrave; một cục đ&aacute; được dẽo gọt chỉ để đứng nh&igrave;n sự thống khổ, kiệt quệ của họ, những người quanh năm kh&ocirc;ng biết tới một mẩu thịt l&agrave; g&igrave;.</p>\r\n', '1', '1', '6nksnzyoufosu23.jpg', '0', '2015-06-12 08:17:37', '2015-08-07 01:42:08', 'nhap-du-lieu-chinh-xac-vao-form-ben-duoi');
INSERT INTO `blogs` VALUES ('10', 'Tác hại của ánh nắng mặt trời đối với mắt', 'Sự sống trên trái đất không thể tồn tại nếu không có ánh nắng mặt trời. Bức xạ cực tím trong ánh nắng có tác dụng tốt đối với sức khỏe con người như thúc đẩy quá trình sinh tổng hợp vitamin D.', '<p>Sự sống tr&ecirc;n tr&aacute;i đất kh&ocirc;ng thể tồn tại nếu kh&ocirc;ng c&oacute; &aacute;nh nắng mặt trời. Bức xạ cực t&iacute;m trong &aacute;nh nắng c&oacute; t&aacute;c dụng tốt đối với sức khỏe con người như th&uacute;c đẩy qu&aacute; tr&igrave;nh sinh tổng hợp vitamin D.</p>\r\n\r\n<p>Sự sống tr&ecirc;n tr&aacute;i đất kh&ocirc;ng thể tồn tại nếu kh&ocirc;ng c&oacute; &aacute;nh nắng mặt trời. Bức xạ cực t&iacute;m trong &aacute;nh nắng c&oacute; t&aacute;c dụng tốt đối với sức khỏe con người như th&uacute;c đẩy qu&aacute; tr&igrave;nh sinh tổng hợp vitamin D.</p>\r\n\r\n<p>Tuy nhi&ecirc;n, phơi nắng qu&aacute; nhiều lại c&oacute; c&aacute;c ảnh hưởng xấu đối với da, mắt v&agrave; hệ thống miễn dịch. T&aacute;c hại của &aacute;nh nắng đối với sức khỏe l&agrave; do tia cực t&iacute;m c&oacute; trong &aacute;nh nắng gồm cả 3 loại UV-A, UV-B v&agrave; UV-C.</p>\r\n\r\n<p><a href=\"http://kinh365.com/wp-content/uploads/2015/05/tac-hai-cua-nang.jpg\" style=\"border: 0px; font-family: inherit; font-style: inherit; font-weight: inherit; margin: 0px; outline: 0px; padding: 0px; vertical-align: baseline; color: rgb(176, 25, 70); text-decoration: none;\"><img alt=\"tac hai cua nang\" class=\"aligncenter size-full wp-image-6710\" src=\"http://kinh365.com/wp-content/uploads/2015/05/tac-hai-cua-nang.jpg\" style=\"border:1px solid rgb(221, 221, 221); clear:both; display:block; height:auto; margin:0.4em auto 1.625em; max-width:97.5%; width:auto\" /></a></p>\r\n\r\n<p><strong>&Aacute;nh nắng mặt trời ảnh hưởng như thế n&agrave;o đối với mắt?</strong></p>\r\n\r\n<p>Mắt c&oacute; thể bị ảnh hưởng ngay lập tức hoặc về l&acirc;u d&agrave;i sau khi hấp thụ tia cực t&iacute;m c&oacute; trong &aacute;nh nắng mặt trời. Nhiều bộ phận của mắt chịu ảnh hưởng của tia cực t&iacute;m như mi mắt, kết mạc (phần l&ograve;ng trắng của mắt), gi&aacute;c mạc (phần l&ograve;ng đen ph&iacute;a trước), thủy tinh thể (nh&acirc;n mắt) v&agrave; v&otilde;ng mạc (bộ phận ở mắt trong c&oacute; t&aacute;c dụng giống như phim ảnh để tiếp nhận h&igrave;nh ảnh m&agrave; ta nh&igrave;n thấy).</p>\r\n\r\n<p>Ở mi mắt, &aacute;nh nắng c&oacute; thể g&acirc;y n&ecirc;n một số loại u mi, đặc biệt l&agrave; ung thư mi như ung thư biểu m&ocirc; tế b&agrave;o đ&aacute;y, ung thư biểu m&ocirc; tế b&agrave;o vảy v&agrave; u hắc tố &aacute;c t&iacute;nh.</p>\r\n\r\n<p>Đối với kết mạc, gi&aacute;c mạc sự tiếp x&uacute;c với tia cực t&iacute;m c&oacute; cường độ qu&aacute; mạnh c&oacute; thể g&acirc;y bỏng gi&aacute;c mạc với c&aacute;c triệu chứng như cộm, kh&oacute; chịu, đỏ mắt, ch&oacute;i mắt, chảy nước mắt v&agrave; t&igrave;nh trạng n&agrave;y thường sẽ đỡ đi sau 48 giờ. Về l&acirc;u d&agrave;i, tia cực t&iacute;m c&oacute; thể g&acirc;y n&ecirc;n mộng hoặc &ldquo;hạt v&agrave;ng&rdquo; ở kết mạc. Dần dần, mộng ph&aacute;t triển v&agrave;o gi&aacute;c mạc v&agrave; g&acirc;y ảnh hưởng đến thị lực. &ldquo;Hạt v&agrave;ng&rdquo; l&agrave; những đ&aacute;m nhỏ m&agrave;u v&agrave;ng ở kết mạc v&agrave; thường kh&ocirc;ng ảnh hưởng tới thị lực.</p>\r\n\r\n<p>Đục thủy tinh thể do nhiều nguy&ecirc;n nh&acirc;n kh&aacute;c nhau, thường gặp ở người cao tuổi, dẫn đến m&ugrave; l&ograve;a nhất l&agrave; ở những nước thiếu khả năng, phương tiện cho phẫu thuật lấy thủy tinh thể đục v&agrave; thay thủy tinh thể nh&acirc;n tạo. C&oacute; 3 loại đục thủy tinh thể cơ bản: đục vỏ, đục nh&acirc;n v&agrave; đục bao sau. Nhiều nghi&ecirc;n cứu dịch tễ đ&atilde; cho thấy sự tiếp x&uacute;c với &aacute;nh nắng k&eacute;o d&agrave;i dần dần g&acirc;y n&ecirc;n t&igrave;nh trạng đục vỏ thủy tinh thể.</p>\r\n\r\n<p>Khi nh&igrave;n l&acirc;u hoặc trực tiếp v&agrave;o mặt trời nhất l&agrave; v&agrave;o khoảng thời gian giữa trưa, c&oacute; thể g&acirc;y n&ecirc;n t&igrave;nh trạng bỏng v&otilde;ng mạc (vi&ecirc;m v&otilde;ng mạc do &aacute;nh nắng). T&igrave;nh trạng n&agrave;y cũng thường thấy sau khi xem nhật thực m&agrave; kh&ocirc;ng d&ugrave;ng k&iacute;nh bảo vệ mắt. Ngo&agrave;i ra, bệnh tho&aacute;i h&oacute;a ho&agrave;ng điểm ở người cao tuổi &ndash; một nguy&ecirc;n nh&acirc;n g&acirc;y m&ugrave; l&ograve;a hay gặp nhất ở c&aacute;c nước ph&aacute;t triển &ndash; cũng được cho l&agrave; c&oacute; li&ecirc;n quan đến qu&aacute; tr&igrave;nh tiếp x&uacute;c l&acirc;u d&agrave;i với &aacute;nh nắng (ho&agrave;ng điểm nằm ở trung t&acirc;m v&otilde;ng mạc v&agrave; l&agrave; nơi gi&uacute;p cho ch&uacute;ng ta c&oacute; được m&agrave;u sắc v&agrave; h&igrave;nh ảnh của c&aacute;c đồ vật một c&aacute;ch r&otilde; n&eacute;t nhất).</p>\r\n\r\n<p><strong>L&agrave;m thế n&agrave;o để bảo vệ mắt trước t&aacute;c hại của &aacute;nh nắng?</strong></p>\r\n\r\n<p>Biện ph&aacute;p quan trọng nhất để tr&aacute;nh t&aacute;c hại của &aacute;nh nắng đối với mắt l&agrave; tr&aacute;nh tiếp x&uacute;c trực tiếp với &aacute;nh nắng, đặc biệt từ 11 giờ s&aacute;ng đến 4 giờ chiều, l&agrave; khoảng thời gian c&oacute; nhiều tia tử ngoại nhất trong &aacute;nh nắng. Do đ&oacute;, đối với một số nghề nghiệp phải l&agrave;m việc ngo&agrave;i trời th&igrave; n&ecirc;n sắp xếp c&ocirc;ng việc hợp l&yacute; để tốt nhất l&agrave; l&agrave;m việc trước 11 giờ s&aacute;ng v&agrave; sau 4 giờ chiều.</p>\r\n\r\n<p>Khi bắt buộc phải l&agrave;m việc dưới &aacute;nh nắng th&igrave; n&ecirc;n tạo ra b&oacute;ng r&acirc;m như l&agrave;m l&aacute;n trại, che &ocirc;&hellip; v&agrave; l&agrave;m việc dưới b&oacute;ng r&acirc;m. Ngo&agrave;i ra, khi l&agrave;m việc hoặc sinh hoạt trực tiếp dưới &aacute;nh nắng n&ecirc;n c&oacute; c&aacute;c phương tiện che chắn nắng như đội mũ rộng v&agrave;nh, đeo k&iacute;nh c&oacute; chức năng hấp thụ tia cực t&iacute;m, khăn che mặt&hellip;</p>\r\n', '1', '1', 'yhrfjsb94jdv2t9.jpg', '0', '2015-08-07 01:51:31', '2015-08-07 01:51:31', 'tac-hai-cua-anh-nang-mat-troi-doi-voi-mat');
INSERT INTO `blogs` VALUES ('11', 'Sự khác nhau giữa con gái Hà Nội và con gái Sài Gòn', 'Bài viết này không có ý so sánh gì giữa con gái Hà Nội và con gái Sài Gòn nhưng đọc cũng hay cho nên Admin mạo muội được đăng lên để các bạn cùng đọc và tham khảo, góp ý.', '<p>B&agrave;i viết n&agrave;y kh&ocirc;ng c&oacute; &yacute; so s&aacute;nh g&igrave; giữa con g&aacute;i H&agrave; Nội v&agrave; con g&aacute;i S&agrave;i G&ograve;n nhưng đọc cũng hay cho n&ecirc;n Admin mạo muội được đăng l&ecirc;n để c&aacute;c bạn c&ugrave;ng đọc v&agrave; tham khảo, g&oacute;p &yacute;. Bản th&acirc;n m&igrave;nh hiện tại l&agrave; trai H&agrave; Nội v&agrave; cũng sắp cưới một người con g&aacute;i S&agrave;i G&ograve;n rồi, mặc d&ugrave; đọc thấy một v&agrave;i điểm cũng kh&ocirc;ng đ&uacute;ng cho lắm nhưng th&ocirc;i, để c&aacute;c bạn tự đưa ra &yacute; kiến ri&ecirc;ng của m&igrave;nh.</p>\r\n\r\n<p><a href=\"http://kinh365.com/wp-content/uploads/2015/05/1110201083644.jpg\" style=\"border: 0px; font-family: inherit; font-style: inherit; font-weight: inherit; margin: 0px; outline: 0px; padding: 0px; vertical-align: baseline; color: rgb(176, 25, 70); text-decoration: none;\"><img alt=\"1110201083644\" class=\"aligncenter size-full wp-image-6700\" src=\"http://kinh365.com/wp-content/uploads/2015/05/1110201083644.jpg\" style=\"border:1px solid rgb(221, 221, 221); clear:both; display:block; height:auto; margin:0.4em auto 1.625em; max-width:97.5%; width:auto\" /></a></p>\r\n\r\n<h2>Sự kh&aacute;c biệt về c&aacute;ch ăn uống Bắc &ndash; Nam</h2>\r\n\r\n<ol>\r\n	<li>Con g&aacute;i&nbsp;S&agrave;i G&ograve;n&nbsp;th&iacute;ch ăn me. Con g&aacute;i&nbsp;H&agrave; Nội&nbsp;th&iacute;ch ăn sấu. Tuy nhi&ecirc;n, g&aacute;i&nbsp;S&agrave;i G&ograve;n&nbsp;th&iacute;ch me ch&iacute;n, c&ograve;n g&aacute;i&nbsp;H&agrave; Nội&nbsp;m&ecirc; sấu xanh.</li>\r\n	<li>G&aacute;i&nbsp;H&agrave; Nội&nbsp;ăn qu&agrave; chỗ n&agrave;o đ&ocirc;ng. G&aacute;i&nbsp;S&agrave;i G&ograve;n&nbsp;ăn qu&agrave; chỗ n&agrave;o ngon.</li>\r\n	<li>G&aacute;i&nbsp;H&agrave; Nội&nbsp;ăn xong xỉa răng. G&aacute;i&nbsp;S&agrave;i G&ograve;n&nbsp;ăn xong uống c&agrave; ph&ecirc;.</li>\r\n	<li>G&aacute;i&nbsp;H&agrave; Nội&nbsp;th&iacute;ch ăn kem que. G&aacute;i&nbsp;S&agrave;i G&ograve;n&nbsp;th&iacute;ch ăn kem ly.</li>\r\n	<li>G&aacute;i&nbsp;S&agrave;i G&ograve;n&nbsp;l&ocirc;i bạn đi ăn tiệm, g&aacute;i&nbsp;H&agrave; Nội&nbsp;l&ocirc;i bạn về nh&agrave; nấu cơm.</li>\r\n	<li>G&aacute;i&nbsp;H&agrave; Nội&nbsp;th&iacute;ch b&uacute;n ốc, g&aacute;i&nbsp;S&agrave;i G&ograve;n&nbsp;th&iacute;ch b&uacute;n b&ograve;.</li>\r\n	<li>Ng&agrave;y Tết g&aacute;i&nbsp;H&agrave; Nội&nbsp;nấu canh măng, g&aacute;i&nbsp;S&agrave;i G&ograve;n&nbsp;nấu c&agrave; ri.</li>\r\n	<li>G&aacute;i&nbsp;H&agrave; Nội&nbsp;khi ăn phải c&oacute; nước mắm. G&aacute;i&nbsp;S&agrave;i G&ograve;n&nbsp;khi ăn phải c&oacute; nước tương.</li>\r\n</ol>\r\n\r\n<p><a href=\"http://kinh365.com/wp-content/uploads/2015/05/IMG_5234.jpg\" style=\"border: 0px; font-family: inherit; font-style: inherit; font-weight: inherit; margin: 0px; outline: 0px; padding: 0px; vertical-align: baseline; color: rgb(176, 25, 70); text-decoration: none;\"><img alt=\"IMG_5234\" class=\"aligncenter size-full wp-image-6701\" src=\"http://kinh365.com/wp-content/uploads/2015/05/IMG_5234.jpg\" style=\"border:1px solid rgb(221, 221, 221); clear:both; display:block; height:auto; margin:0.4em auto 1.625em; max-width:97.5%; width:auto\" /></a></p>\r\n\r\n<h2>Ti&ecirc;u chuẩn bạn trai của g&aacute;i S&agrave;i G&ograve;n v&agrave; g&aacute;i H&agrave; Nội</h2>\r\n\r\n<ol>\r\n	<li>G&aacute;i&nbsp;S&agrave;i G&ograve;n&nbsp;th&iacute;ch trai dễ thương. G&aacute;i&nbsp;H&agrave; Nội&nbsp;th&iacute;ch trai đẹp.</li>\r\n	<li>G&aacute;i&nbsp;S&agrave;i G&ograve;n&nbsp;chia tay bạn trai th&igrave; kh&oacute;c. G&aacute;i&nbsp;H&agrave; Nội&nbsp;chia tay bạn trai th&igrave; cười.</li>\r\n	<li>G&aacute;i&nbsp;H&agrave; Nội&nbsp;th&iacute;ch đ&agrave;n &ocirc;ng to. G&aacute;i&nbsp;S&agrave;i G&ograve;n&nbsp;th&iacute;ch đ&agrave;n &ocirc;ng cao.</li>\r\n	<li>G&aacute;i&nbsp;H&agrave; Nội&nbsp;th&iacute;ch trai th&ocirc;ng minh. G&aacute;i&nbsp;S&agrave;i G&ograve;n&nbsp;th&iacute;ch trai h&agrave;i hước.</li>\r\n	<li>Lấy phải chồng xấu, g&aacute;i&nbsp;S&agrave;i G&ograve;n&nbsp;ly th&acirc;n, g&aacute;i&nbsp;H&agrave; Nội&nbsp;ly dị.</li>\r\n	<li>G&aacute;i&nbsp;S&agrave;i G&ograve;n&nbsp;sợ nhất kh&ocirc;ng c&oacute; bạn trai. G&aacute;i&nbsp;H&agrave; Nội&nbsp;sợ nhất thi&ecirc;n hạ biết mặt bạn trai của m&igrave;nh.</li>\r\n	<li>G&aacute;i&nbsp;H&agrave; Nội&nbsp;th&iacute;ch chồng chức to. G&aacute;i&nbsp;S&agrave;i G&ograve;n&nbsp;th&iacute;ch chồng lương to.</li>\r\n	<li>G&aacute;i&nbsp;S&agrave;i G&ograve;n&nbsp;c&oacute; thể y&ecirc;u một l&uacute;c nhiều người. G&aacute;i&nbsp;H&agrave; Nội&nbsp;c&oacute; thể y&ecirc;u nhiều người nhưng li&ecirc;n tiếp.</li>\r\n	<li>Gặp con trai, g&aacute;i&nbsp;H&agrave; Nội&nbsp;hỏi bằng cấp, g&aacute;i&nbsp;S&agrave;i G&ograve;n&nbsp;hỏi gia cảnh.</li>\r\n	<li>Khi chồng c&oacute; bồ, g&aacute;i&nbsp;S&agrave;i G&ograve;n&nbsp;đ&aacute;nh bồ, c&ograve;n g&aacute;i&nbsp;H&agrave; Nội&nbsp;đ&aacute;nh cả chồng lẫn bồ.</li>\r\n	<li>Khi chồng về khuya, g&aacute;i&nbsp;H&agrave; Nội&nbsp;qu&aacute;t &ldquo;Sao anh kh&ocirc;ng đi lu&ocirc;n đi?&rdquo; c&ograve;n g&aacute;i&nbsp;S&agrave;i G&ograve;n&nbsp;n&oacute;i &ldquo;B&acirc;y giờ mới về &agrave;?&rdquo;.</li>\r\n	<li>Khi lấy chồng ngoại quốc, g&aacute;i&nbsp;H&agrave; Nội&nbsp;th&iacute;ch lấy chồng ch&acirc;u &Acirc;u, g&aacute;i&nbsp;S&agrave;i G&ograve;n&nbsp;th&iacute;ch lấy chồng ch&acirc;u &Aacute;</li>\r\n</ol>\r\n\r\n<p><a href=\"http://kinh365.com/wp-content/uploads/2015/05/H_7.jpg\" style=\"border: 0px; font-family: inherit; font-style: inherit; font-weight: inherit; margin: 0px; outline: 0px; padding: 0px; vertical-align: baseline; color: rgb(176, 25, 70); text-decoration: none;\"><img alt=\"H_7\" class=\"aligncenter size-full wp-image-6702\" src=\"http://kinh365.com/wp-content/uploads/2015/05/H_7.jpg\" style=\"border:1px solid rgb(221, 221, 221); clear:both; display:block; height:auto; margin:0.4em auto 1.625em; max-width:97.5%; width:auto\" /></a></p>\r\n\r\n<p><strong>Sự kh&aacute;c nhau về c&aacute;ch sống giữa con g&aacute;i H&agrave; Nội v&agrave; con g&aacute;i S&agrave;i G&ograve;n</strong></p>\r\n\r\n<ol>\r\n	<li>G&aacute;i&nbsp;H&agrave; Nội&nbsp;th&iacute;ch mua xe hơi. G&aacute;i&nbsp;S&agrave;i G&ograve;n&nbsp;th&iacute;ch ngồi xe hơi.</li>\r\n	<li>Ai chửi g&aacute;i&nbsp;H&agrave; Nội&nbsp;sẽ bị chửi lại. Ai chửi g&aacute;i&nbsp;S&agrave;i G&ograve;n&nbsp;sẽ bị tr&aacute;nh xa.</li>\r\n	<li>G&aacute;i&nbsp;H&agrave; Nội&nbsp;hay xem ti vi. G&aacute;i&nbsp;S&agrave;i G&ograve;n&nbsp;hay đọc b&aacute;o mạng.</li>\r\n	<li>G&aacute;i&nbsp;S&agrave;i G&ograve;n&nbsp;&iacute;t đi chợ&nbsp;Bến Th&agrave;nh. G&aacute;i H&agrave; Nội rất hay ra&nbsp;Hồ Gươm.</li>\r\n	<li>G&aacute;i&nbsp;S&agrave;i G&ograve;n&nbsp;ngồi trong tiệm gội đầu để t&aacute;n chuyện. G&aacute;i&nbsp;H&agrave; Nội&nbsp;ngồi trong đ&oacute; để gội đầu.</li>\r\n	<li>G&aacute;i&nbsp;H&agrave; Nội&nbsp;x&agrave;i nước hoa theo nh&atilde;n hiệu. G&aacute;i&nbsp;S&agrave;i G&ograve;n&nbsp;x&agrave;i theo m&ugrave;i thơm.</li>\r\n	<li>Khi đ&aacute;nh nhau, g&aacute;i&nbsp;S&agrave;i G&ograve;n&nbsp;d&ugrave;ng ch&acirc;n tay, g&aacute;i&nbsp;H&agrave; Nội&nbsp;d&ugrave;ng guốc d&eacute;p.</li>\r\n	<li>Đi dự tiệc cưới, g&aacute;i&nbsp;S&agrave;i G&ograve;n&nbsp;nh&igrave;n bản th&acirc;n m&igrave;nh, g&aacute;i&nbsp;H&agrave; Nội&nbsp;nh&igrave;n c&ocirc; d&acirc;u ch&uacute; rể.</li>\r\n	<li>G&aacute;i&nbsp;S&agrave;i G&ograve;n&nbsp;mặc đồ bộ ra đường. G&aacute;i&nbsp;H&agrave; Nội&nbsp;mặc v&aacute;y đầm trong nh&agrave;.</li>\r\n	<li>G&aacute;i&nbsp;S&agrave;i G&ograve;n&nbsp;đi ch&ugrave;a v&igrave; vui. G&aacute;i&nbsp;H&agrave; Nội&nbsp;đi ch&ugrave;a v&igrave; tin.</li>\r\n	<li>G&aacute;i&nbsp;H&agrave; Nội&nbsp;th&iacute;ch&nbsp;Tuấn Hưng.&nbsp;G&aacute;i&nbsp;S&agrave;i G&ograve;n&nbsp;th&iacute;ch&nbsp;Đ&agrave;m Vĩnh Hưng.</li>\r\n	<li>G&aacute;i&nbsp;H&agrave; Nội&nbsp;c&oacute; thể tự xưng l&agrave; &ldquo;b&agrave;&rdquo;. G&aacute;i&nbsp;S&agrave;i G&ograve;n&nbsp;kh&ocirc;ng bao giờ như thế.</li>\r\n	<li>G&aacute;i&nbsp;H&agrave; Nội&nbsp;hay l&agrave;m thơ. G&aacute;i&nbsp;S&agrave;i G&ograve;n&nbsp;hay chụp h&igrave;nh.</li>\r\n	<li>Gặp kẻ cướp, g&aacute;i&nbsp;S&agrave;i G&ograve;n&nbsp;la lớn, g&aacute;i&nbsp;H&agrave; Nội&nbsp;đuổi theo.</li>\r\n	<li>G&aacute;i&nbsp;H&agrave; Nội&nbsp;hay khoe chồng con. G&aacute;i&nbsp;S&agrave;i G&ograve;n&nbsp;hay khoe b&egrave; bạn.</li>\r\n	<li>G&aacute;i&nbsp;S&agrave;i G&ograve;n&nbsp;chụp h&igrave;nh &aacute;o tắm tr&ecirc;n b&atilde;i biển. G&aacute;i&nbsp;H&agrave; Nội&nbsp;chụp h&igrave;nh &aacute;o tắm ở bể bơi.</li>\r\n	<li>G&aacute;i&nbsp;H&agrave; Nội&nbsp;th&iacute;ch l&uacute;c gi&agrave; sẽ gi&agrave;u. G&aacute;i&nbsp;S&agrave;i G&ograve;n&nbsp;th&iacute;ch l&uacute;c gi&agrave; sẽ trẻ lại.</li>\r\n	<li>Thấy người nổi tiếng, g&aacute;i&nbsp;H&agrave; Nội&nbsp;bĩu m&ocirc;i, c&ograve;n g&aacute;i&nbsp;S&agrave;i G&ograve;n&nbsp;chạy tới chụp h&igrave;nh.</li>\r\n	<li>G&aacute;i&nbsp;H&agrave; Nội&nbsp;b&ocirc;i kem dưỡng da. G&aacute;i&nbsp;S&agrave;i G&ograve;n&nbsp;b&ocirc;i kem chống nắng.</li>\r\n</ol>\r\n\r\n<p><a href=\"http://kinh365.com/wp-content/uploads/2015/05/8397295711_a9cfffaab1_k.jpg\" style=\"border: 0px; font-family: inherit; font-style: inherit; font-weight: inherit; margin: 0px; outline: 0px; padding: 0px; vertical-align: baseline; color: rgb(176, 25, 70); text-decoration: none;\"><img alt=\"8397295711_a9cfffaab1_k\" class=\"aligncenter size-full wp-image-6703\" src=\"http://kinh365.com/wp-content/uploads/2015/05/8397295711_a9cfffaab1_k.jpg\" style=\"border:1px solid rgb(221, 221, 221); clear:both; display:block; height:auto; margin:0.4em auto 1.625em; max-width:97.5%; width:auto\" /></a></p>\r\n', '1', '1', 'ybgrcltrgk4eomq.jpg', '0', '2015-08-07 01:52:10', '2015-08-07 01:52:10', 'su-khac-nhau-giua-con-gai-ha-noi-va-con-gai-sai-gon');
INSERT INTO `blogs` VALUES ('12', 'Lịch sử ra đời thương hiệu mắt kính Chloe’', 'Chloe’ là thương hiệu thời trang của Pháp, ra đời từ năm 1952 bởi nhà thiết kế Gaby Aghion. Thời gian đầu, Chloe’ hướng tới các sản phẩm cao cấp. Sau này, chính Gaby Aghion đã chuyển hướng cho thương hiệu của mình tập trung sang dòng sản phẩm thời trang c', '<p>Chloe&rsquo; l&agrave; thương hiệu thời trang của Ph&aacute;p, ra đời từ năm 1952 bởi nh&agrave; thiết kế&nbsp;Gaby Aghion. Thời gian đầu, Chloe&rsquo; hướng tới c&aacute;c sản phẩm cao cấp. Sau n&agrave;y, ch&iacute;nh&nbsp;Gaby Aghion đ&atilde; chuyển hướng cho thương hiệu của m&igrave;nh tập trung sang d&ograve;ng sản phẩm thời trang c&oacute; t&iacute;nh ứng dụng cao, gi&aacute; cả hợp l&yacute;.</p>\r\n\r\n<p>Ở d&ograve;ng sản phẩm mắt k&iacute;nh thời trang, Chloe&rsquo; chỉ được biết đến sau những năm 1970 v&agrave; đ&atilde; tạo cơn sốt khắp ch&acirc;u &Acirc;u. Những chiếc mắt k&iacute;nh của thương hiệu n&agrave;y thường c&oacute; thiết kế chắc chắn, bền v&agrave; thanh tho&aacute;t. Hầu hết sản phẩm được sản xuất từ chất liệu nhựa si&ecirc;u cao cấp, hướng tới người d&ugrave;ng l&agrave; giới trẻ.</p>\r\n\r\n<p>C&oacute; thể kể t&ecirc;n một v&agrave;i mẫu mắt k&iacute;nh th&agrave;nh c&ocirc;ng của Chloe&rsquo; như Carlina với doanh số b&aacute;n h&agrave;ng đứng đầu Top 10 những chiếc mắt k&iacute;nh b&aacute;n chạy nhất h&egrave; 2014.</p>\r\n\r\n<p><a href=\"http://kinh365.com/wp-content/uploads/2015/05/mat-kinh-chloe-carlina1.jpg\" style=\"border: 0px; font-family: inherit; font-style: inherit; font-weight: inherit; margin: 0px; outline: 0px; padding: 0px; vertical-align: baseline; color: rgb(176, 25, 70); text-decoration: none;\"><img alt=\"mat-kinh-chloe-carlina\" class=\"aligncenter size-full wp-image-6682\" src=\"http://kinh365.com/wp-content/uploads/2015/05/mat-kinh-chloe-carlina1.jpg\" style=\"border:1px solid rgb(221, 221, 221); clear:both; display:block; height:auto; margin:0.4em auto 1.625em; max-width:97.5%; width:auto\" /></a><a href=\"http://kinh365.com/wp-content/uploads/2015/05/kinh-chloe-carlina.jpg\" style=\"border: 0px; font-family: inherit; font-style: inherit; font-weight: inherit; margin: 0px; outline: 0px; padding: 0px; vertical-align: baseline; color: rgb(176, 25, 70); text-decoration: none;\"><img alt=\"kinh-chloe-carlina\" class=\"aligncenter size-full wp-image-6681\" src=\"http://kinh365.com/wp-content/uploads/2015/05/kinh-chloe-carlina.jpg\" style=\"border:1px solid rgb(221, 221, 221); clear:both; display:block; height:auto; margin:0.4em auto 1.625em; max-width:97.5%; width:auto\" /></a></p>\r\n\r\n<p>Mẫu thiết kế Chloe&rsquo; Myrte 2013 cũng tạo 1 cơn sốt v&ocirc; c&ugrave;ng lớn</p>\r\n\r\n<p><a href=\"http://kinh365.com/wp-content/uploads/2015/05/kinh-chloe-myrte.jpg\" style=\"border: 0px; font-family: inherit; font-style: inherit; font-weight: inherit; margin: 0px; outline: 0px; padding: 0px; vertical-align: baseline; color: rgb(176, 25, 70); text-decoration: none;\"><img alt=\"kinh-chloe-myrte\" class=\"aligncenter size-full wp-image-6683\" src=\"http://kinh365.com/wp-content/uploads/2015/05/kinh-chloe-myrte.jpg\" style=\"border:1px solid rgb(221, 221, 221); clear:both; display:block; height:auto; margin:0.4em auto 1.625em; max-width:97.5%; width:auto\" /></a></p>\r\n\r\n<p>C&aacute;c bạn c&oacute; thể t&igrave;m hiểu th&ecirc;m th&ocirc;ng tin v&agrave; c&aacute;c mẫu mắt k&iacute;nh mới nhất của Chloe&rsquo; tại Website ch&iacute;nh thức của thương hiệu n&agrave;y:</p>\r\n\r\n<ul>\r\n	<li>Website:<a href=\"http://www.chloe.com/\" rel=\"nofollow\" style=\"border: 0px; font-family: inherit; font-style: inherit; font-weight: inherit; margin: 0px; outline: 0px; padding: 0px; vertical-align: baseline; color: rgb(176, 25, 70); text-decoration: none;\">http://www.chloe.com/</a></li>\r\n	<li>Fanpage:<a href=\"https://www.facebook.com/chloe.fashion.bags.perfume\" style=\"border: 0px; font-family: inherit; font-style: inherit; font-weight: inherit; margin: 0px; outline: 0px; padding: 0px; vertical-align: baseline; color: rgb(176, 25, 70); text-decoration: none;\">https://www.facebook.com/chloe.fashion.bags.perfume</a></li>\r\n</ul>\r\n', '1', '1', 'yddwzwr496nmsjq.jpg', '0', '2015-08-07 01:52:47', '2015-08-07 01:52:47', 'lich-su-ra-doi-thuong-hieu-mat-kinh-chloe');
INSERT INTO `blogs` VALUES ('13', 'Đau đầu việc chọn mua mắt kính hàng hiệu', 'Thị trường mắt kính vốn dĩ rất đa dạng cả về chủng loại, mẫu mã, kiểu dáng và giá thành. Kinh365.com xin được chia sẻ những hiểu biết của chúng tôi với nhiều năm kinh nghiệm buôn bán mắt kính, nhằm giúp khách hàng có cái nhìn chính xác và có thêm sự hiểu ', '<p>Thị trường&nbsp;<a href=\"http://kinh365.com/\" style=\"border: 0px; font-family: inherit; font-style: inherit; font-weight: inherit; margin: 0px; outline: 0px; padding: 0px; vertical-align: baseline; color: rgb(176, 25, 70); text-decoration: none;\">mắt k&iacute;nh</a>&nbsp;vốn dĩ rất đa dạng cả về chủng loại, mẫu m&atilde;, kiểu d&aacute;ng v&agrave; gi&aacute; th&agrave;nh. Kinh365.com xin được chia sẻ những hiểu biết của ch&uacute;ng t&ocirc;i với nhiều năm kinh nghiệm bu&ocirc;n b&aacute;n mắt k&iacute;nh, nhằm gi&uacute;p kh&aacute;ch h&agrave;ng c&oacute; c&aacute;i nh&igrave;n ch&iacute;nh x&aacute;c v&agrave; c&oacute; th&ecirc;m sự hiểu biết khi mua sắm.</p>\r\n\r\n<p><a href=\"http://kinh365.com/wp-content/uploads/2015/05/mat-kinh-hang-hieu3.jpg\" style=\"border: 0px; font-family: inherit; font-style: inherit; font-weight: inherit; margin: 0px; outline: 0px; padding: 0px; vertical-align: baseline; color: rgb(176, 25, 70); text-decoration: none;\"><img alt=\"mat-kinh-hang-hieu\" class=\"aligncenter size-full wp-image-6591\" src=\"http://kinh365.com/wp-content/uploads/2015/05/mat-kinh-hang-hieu3.jpg\" style=\"border:1px solid rgb(221, 221, 221); clear:both; display:block; height:auto; margin:0.4em auto 1.625em; max-width:97.5%; width:auto\" /></a></p>\r\n\r\n<p>Đầu ti&ecirc;n l&agrave; về mắt k&iacute;nh ch&iacute;nh h&atilde;ng, hay c&ograve;n gọi l&agrave;&nbsp;<a href=\"http://kinh365.com/\" style=\"border: 0px; font-family: inherit; font-style: inherit; font-weight: inherit; margin: 0px; outline: 0px; padding: 0px; vertical-align: baseline; color: rgb(176, 25, 70); text-decoration: none;\">mắt k&iacute;nh h&agrave;ng hiệu</a>. Đ&acirc;y l&agrave; d&ograve;ng sản phẩm ở ph&acirc;n kh&uacute;c cao nhất, gần như chỉ phục vụ 5% số nhu cầu về mắt k&iacute;nh. Nguy&ecirc;n nh&acirc;n chủ yếu l&agrave; gi&aacute; sản phẩm lu&ocirc;n ở mức cao, k&ecirc;nh ph&acirc;n phối b&aacute;n h&agrave;ng c&ograve;n &iacute;t. Những thương hiệu cao cấp như Louis Vuitton, Chanel, Ce&rsquo;line, Dior..lu&ocirc;n c&oacute; mức gi&aacute; b&aacute;n lẻ từ 250 usd trở l&ecirc;n. D&ograve;ng sản phẩm tầm trung như Ray-ban, Gucci, Prada&hellip;c&oacute; mức gi&aacute; b&aacute;n thấp hơn giao động từ 150 &ndash; 300 usd. C&ograve;n lại l&agrave; một số thương hiệu mới, &iacute;t nổi tiếng v&agrave; &iacute;t được ưa chuộng cũng c&oacute; mức gi&aacute; thấp nhất l&agrave; 70 -80 usd.</p>\r\n\r\n<p>Hệ thống ph&acirc;n phối v&agrave; b&aacute;n h&agrave;ng c&oacute; 2 k&ecirc;nh ch&iacute;nh: Một l&agrave; th&ocirc;ng qua c&aacute;c nh&agrave; nhập khẩu ch&iacute;nh h&atilde;ng lớn như &Aacute;nh Rạng, Dilluso, An Khang Ph&aacute;t&hellip;nhập về ph&acirc;n phối cho c&aacute;c hệ thống showroom, đại l&yacute; thứ cấp tr&ecirc;n khắp cả nước. K&ecirc;nh c&ograve;n lại l&agrave; h&agrave;ng x&aacute;ch tay, chủ yếu l&agrave; c&aacute;c c&aacute; nh&acirc;n mang về từ nước ngo&agrave;i với số lượng &iacute;t. Người ti&ecirc;u d&ugrave;ng n&ecirc;n t&igrave;m hiểu kỹ về kiểu d&aacute;ng, mẫu m&atilde;, gi&aacute; cả tr&ecirc;n c&aacute;c Website ch&iacute;nh h&atilde;ng v&agrave; t&igrave;m hiểu uy t&iacute;n của c&aacute;c showroom, người b&aacute;n trước khi mua để tr&aacute;nh mua phải h&agrave;ng giả, h&agrave;ng nh&aacute;i.</p>\r\n\r\n<p><a href=\"http://kinh365.com/wp-content/uploads/2015/05/mat-kinh-thoi-trang.jpg\" style=\"border: 0px; font-family: inherit; font-style: inherit; font-weight: inherit; margin: 0px; outline: 0px; padding: 0px; vertical-align: baseline; color: rgb(176, 25, 70); text-decoration: none;\"><img alt=\"mat-kinh-thoi-trang\" class=\"aligncenter size-full wp-image-6593\" src=\"http://kinh365.com/wp-content/uploads/2015/05/mat-kinh-thoi-trang.jpg\" style=\"border:1px solid rgb(221, 221, 221); clear:both; display:block; height:auto; margin:0.4em auto 1.625em; max-width:97.5%; width:auto\" /></a></p>\r\n\r\n<p>Tiếp theo l&agrave; d&ograve;ng sản phẩm Replica, l&agrave; c&aacute;c mẫu mắt k&iacute;nh được sao ch&eacute;p, copy từ c&aacute;c sản phẩm mắt k&iacute;nh ch&iacute;nh h&atilde;ng. Với c&aacute;c mặt h&agrave;ng Replica thực sự cũng l&agrave; một vấn đề rất nhức nhối, v&igrave; rất kh&oacute; kiểm định v&agrave; đ&aacute;nh gi&aacute; chất lượng. C&oacute; thể hiểu rằng, c&ugrave;ng 1 mẫu m&atilde; được copy nhưng c&oacute; rất nhiều nh&agrave; m&aacute;y, với cơ sở vật chất, nguy&ecirc;n vật liệu đầu v&agrave;o kh&aacute;c nhau sẽ cho ra những chiếc&nbsp;<a href=\"http://kinh365.com/\" style=\"border: 0px; font-family: inherit; font-style: inherit; font-weight: inherit; margin: 0px; outline: 0px; padding: 0px; vertical-align: baseline; color: rgb(176, 25, 70); text-decoration: none;\">mắt k&iacute;nh replica&nbsp;</a>c&oacute; chất lượng kh&aacute;c nhau.</p>\r\n\r\n<p>Trong đ&oacute;, c&oacute; nhiều d&ograve;ng sản phẩm Replica được copy với độ tinh xảo cao, gần như đạt 99% về cả kiểu d&aacute;ng, chất lượng. Những sản phẩm n&agrave;y phục vụ khoảng 20% số nhu cầu ở những kh&aacute;ch h&agrave;ng tầm trung, c&oacute; thu nhập tốt, muốn sử dụng những chiếc mắt k&iacute;nh chất lượng cao, gần như ch&iacute;nh h&atilde;ng. Gi&aacute; sản phẩm cũng kh&ocirc;ng phải rẻ, giao động từ 1 &ndash; 3 triệu đồng. Đ&acirc;y c&oacute; thể coi l&agrave; ph&acirc;n kh&uacute;c cao nhất của h&agrave;ng nh&aacute;i, khi m&agrave; muốn ph&acirc;n biệt với sản phẩm ch&iacute;nh h&atilde;ng th&igrave; c&oacute; thể n&oacute;i l&agrave; chỉ c&oacute; chuy&ecirc;n gia của h&atilde;ng hoặc c&aacute;c c&ocirc;ng ty kiểm định mới c&oacute; thể so s&aacute;nh, c&ograve;n lại người ti&ecirc;u d&ugrave;ng rất kh&oacute; t&igrave;m ra điểm kh&aacute;c nhau của sản phẩm. Ch&iacute;nh điều n&agrave;y m&agrave; rất nhiều kh&aacute;ch h&agrave;ng l&agrave; những người nổi tiếng, diễn vi&ecirc;n, ca sỹ&hellip;cũng d&ugrave;ng d&ograve;ng mắt k&iacute;nh n&agrave;y.</p>\r\n\r\n<p><a href=\"http://kinh365.com/wp-content/uploads/2015/05/mat-kinh-chinh-hang1.jpg\" style=\"border: 0px; font-family: inherit; font-style: inherit; font-weight: inherit; margin: 0px; outline: 0px; padding: 0px; vertical-align: baseline; color: rgb(176, 25, 70); text-decoration: none;\"><img alt=\"mat-kinh-chinh-hang\" class=\"aligncenter size-full wp-image-6594\" src=\"http://kinh365.com/wp-content/uploads/2015/05/mat-kinh-chinh-hang1.jpg\" style=\"border:1px solid rgb(221, 221, 221); clear:both; display:block; height:auto; margin:0.4em auto 1.625em; max-width:97.5%; width:auto\" /></a></p>\r\n\r\n<p>Phần c&ograve;n lại l&agrave; c&aacute;c sản phẩm copy được sản xuất sẵn, h&agrave;ng loạt, chỉ đạt tầm 70-80% so với ch&iacute;nh h&atilde;ng, được b&agrave;y b&aacute;n tr&agrave;n lan ở c&aacute;c tiệm mắt k&iacute;nh, c&aacute;c cửa h&agrave;ng phụ kiện thời trang. Gi&aacute; giao động từ 500 ng&agrave;n &ndash; 1 triệu đồng.</p>\r\n\r\n<p>Cuối c&ugrave;ng l&agrave; d&ograve;ng sản phẩm mắt k&iacute;nh phổ th&ocirc;ng. C&oacute; cả ngh&igrave;n mẫu m&atilde;, kiểu d&aacute;ng được sản xuất ồ ạt, phục phụ ph&acirc;n kh&uacute;c c&ograve;n lại của thị trường l&agrave; h&agrave;ng gi&aacute; rẻ. Chất lượng th&igrave; cũng năm, bảy loại. Tuy nhi&ecirc;n, tiền n&agrave;o của nấy. Với những chiếc mắt k&iacute;nh c&oacute; gi&aacute; từ v&agrave;i chục tới v&agrave;i trăm ng&agrave;n th&igrave; người ti&ecirc;u d&ugrave;ng cũng dễ ra quyết định mua sắm, cũng như &iacute;t đ&ograve;i hỏi về chất lượng, bảo h&agrave;nh. Những chiếc mắt k&iacute;nh phổ th&ocirc;ng n&agrave;y được b&aacute;n ở khắp mọi nơi, từ cửa h&agrave;ng cho tới h&agrave;ng rong.</p>\r\n\r\n<p><a href=\"http://kinh365.com/wp-content/uploads/2015/05/mat-kinh-dien-bien-phu.jpg\" style=\"border: 0px; font-family: inherit; font-style: inherit; font-weight: inherit; margin: 0px; outline: 0px; padding: 0px; vertical-align: baseline; color: rgb(176, 25, 70); text-decoration: none;\"><img alt=\"mat-kinh-dien-bien-phu\" class=\"aligncenter size-full wp-image-6595\" src=\"http://kinh365.com/wp-content/uploads/2015/05/mat-kinh-dien-bien-phu.jpg\" style=\"border:1px solid rgb(221, 221, 221); clear:both; display:block; height:auto; margin:0.4em auto 1.625em; max-width:97.5%; width:auto\" /></a></p>\r\n\r\n<p>Với sự ph&acirc;n bổ r&otilde; r&agrave;ng về thị trường mắt k&iacute;nh. Những người ti&ecirc;u d&ugrave;ng th&ocirc;ng th&aacute;i n&ecirc;n mua h&agrave;ng theo t&uacute;i tiền của m&igrave;nh, cũng như t&igrave;m hiểu c&aacute;c cửa h&agrave;ng uy t&iacute;n để mua h&agrave;ng, tr&aacute;nh bị hớ cũng như trả gi&aacute; v&igrave; sự k&eacute;m hiểu biết. V&agrave; lu&ocirc;n nhớ 1 điều, đ&oacute; l&agrave;: &ldquo;Tiền n&agrave;o của nấy&rdquo;.</p>\r\n', '1', '0', '1venrqd4vv6iphq.jpg', '0', '2015-08-07 01:53:36', '2015-08-07 01:53:36', 'dau-dau-viec-chon-mua-mat-kinh-hang-hieu');
INSERT INTO `blogs` VALUES ('14', 'Maria Đinh Phương Ánh nghỉ dưỡng cùng bạn bè tại Intercontinental Đà Nẵng', 'Dù đã rời khỏi showbiz và báo chí 1 thời gian khá dài, song Maria Đinh Phương Ánh vẫn nhận được sự quan tâm theo dõi của hàng trăm nghìn lượt follow trên trang cá nhân Facebook.', '<p>D&ugrave; đ&atilde; rời khỏi showbiz v&agrave; b&aacute;o ch&iacute; 1 thời gian kh&aacute; d&agrave;i, song Maria Đinh Phương &Aacute;nh vẫn nhận được sự quan t&acirc;m theo d&otilde;i của h&agrave;ng trăm ngh&igrave;n lượt follow tr&ecirc;n trang c&aacute; nh&acirc;n Facebook.</p>\r\n\r\n<p><a href=\"http://kinh365.com/wp-content/uploads/2015/05/11150818_10153340177144218_2004935954527331410_n.jpg\" style=\"border: 0px; font-family: inherit; font-style: inherit; font-weight: inherit; margin: 0px; outline: 0px; padding: 0px; vertical-align: baseline; color: rgb(176, 25, 70); text-decoration: none;\"><img alt=\"11150818_10153340177144218_2004935954527331410_n\" class=\"aligncenter size-full wp-image-6517\" src=\"http://kinh365.com/wp-content/uploads/2015/05/11150818_10153340177144218_2004935954527331410_n.jpg\" style=\"border:1px solid rgb(221, 221, 221); clear:both; display:block; height:auto; margin:0.4em auto 1.625em; max-width:97.5%; width:auto\" /></a></p>\r\n\r\n<p>C&ocirc; t&aacute;i hợp 2 người bạn th&acirc;n Meo Meo v&agrave; Julia Th&uacute;y Anh.</p>\r\n\r\n<p><a href=\"http://kinh365.com/wp-content/uploads/2015/05/15430_10206552918960885_472094651938500943_n.jpg\" style=\"border: 0px; font-family: inherit; font-style: inherit; font-weight: inherit; margin: 0px; outline: 0px; padding: 0px; vertical-align: baseline; color: rgb(176, 25, 70); text-decoration: none;\"><img alt=\"15430_10206552918960885_472094651938500943_n\" class=\"aligncenter size-full wp-image-6518\" src=\"http://kinh365.com/wp-content/uploads/2015/05/15430_10206552918960885_472094651938500943_n.jpg\" style=\"border:1px solid rgb(221, 221, 221); clear:both; display:block; height:auto; margin:0.4em auto 1.625em; max-width:97.5%; width:auto\" /></a></p>\r\n\r\n<p>Cả nh&oacute;m chọn kh&aacute;ch sạn Intercontinental khi đến Đ&agrave; Nẵng nghỉ dưỡng.<br />\r\n<a href=\"http://kinh365.com/wp-content/uploads/2015/05/11150593_10206453673239804_1761650359269590936_n.jpg\" style=\"border: 0px; font-family: inherit; font-style: inherit; font-weight: inherit; margin: 0px; outline: 0px; padding: 0px; vertical-align: baseline; color: rgb(176, 25, 70); text-decoration: none;\"><img alt=\"11150593_10206453673239804_1761650359269590936_n\" class=\"aligncenter size-full wp-image-6521\" src=\"http://kinh365.com/wp-content/uploads/2015/05/11150593_10206453673239804_1761650359269590936_n.jpg\" style=\"border:1px solid rgb(221, 221, 221); clear:both; display:block; height:auto; margin:0.4em auto 1.625em; max-width:97.5%; width:auto\" /></a></p>\r\n\r\n<p>D&ugrave; kh&ocirc;ng c&ograve;n thường xuy&ecirc;n khoe c&aacute;c bộ h&igrave;nh n&oacute;ng bỏng, nhưng gu thẩm mỹ v&agrave; thời trang của Maria Đinh Phương &Aacute;nh cũng như 2 thi&ecirc;n thần Meo Meo v&agrave; Julia Th&uacute;y Anh vẫn lu&ocirc;n tạo những xu hướng nhất định cho giới trẻ.</p>\r\n\r\n<p><a href=\"http://kinh365.com/wp-content/uploads/2015/05/11150561_10153337815234218_2141607197593403221_n.jpg\" style=\"border: 0px; font-family: inherit; font-style: inherit; font-weight: inherit; margin: 0px; outline: 0px; padding: 0px; vertical-align: baseline; color: rgb(176, 25, 70); text-decoration: none;\"><img alt=\"11150561_10153337815234218_2141607197593403221_n\" class=\"aligncenter size-full wp-image-6520\" src=\"http://kinh365.com/wp-content/uploads/2015/05/11150561_10153337815234218_2141607197593403221_n.jpg\" style=\"border:1px solid rgb(221, 221, 221); clear:both; display:block; height:auto; margin:0.4em auto 1.625em; max-width:97.5%; width:auto\" /></a></p>\r\n\r\n<p>Trong h&igrave;nh, Maria Đinh Phương &Aacute;nh chụp c&ugrave;ng chiếc mắt k&iacute;nh h&agrave;ng hiệu&nbsp;<a href=\"http://kinh365.com/kinh-chloe-nha-phuong/\" style=\"border: 0px; font-family: inherit; font-style: inherit; font-weight: inherit; margin: 0px; outline: 0px; padding: 0px; vertical-align: baseline; color: rgb(176, 25, 70); text-decoration: none;\">Chloe&rsquo;&nbsp;Carlina</a>&nbsp;c&oacute; gi&aacute; tới hơn 346 $, tương đương gần 7 triệu VND. Chiếc mắt k&iacute;nh với thiết kế Oversized, tạo ấn tượng ph&aacute; c&aacute;ch, c&aacute; t&iacute;nh v&agrave; rất hợp với khu&ocirc;n mặt của c&ocirc;.</p>\r\n\r\n<p><a href=\"http://kinh365.com/wp-content/uploads/2015/05/11096596_988874707791742_3155664327988755560_n.jpg\" style=\"border: 0px; font-family: inherit; font-style: inherit; font-weight: inherit; margin: 0px; outline: 0px; padding: 0px; vertical-align: baseline; color: rgb(176, 25, 70); text-decoration: none;\"><img alt=\"11096596_988874707791742_3155664327988755560_n\" class=\"aligncenter size-full wp-image-6519\" src=\"http://kinh365.com/wp-content/uploads/2015/05/11096596_988874707791742_3155664327988755560_n.jpg\" style=\"border:1px solid rgb(221, 221, 221); clear:both; display:block; height:auto; margin:0.4em auto 1.625em; max-width:97.5%; width:auto\" /></a></p>\r\n\r\n<p><a href=\"http://kinh365.com/wp-content/uploads/2015/05/10660266_987812261231320_5082009630243142612_n.jpg\" style=\"border: 0px; font-family: inherit; font-style: inherit; font-weight: inherit; margin: 0px; outline: 0px; padding: 0px; vertical-align: baseline; color: rgb(176, 25, 70); text-decoration: none;\"><img alt=\"10660266_987812261231320_5082009630243142612_n\" class=\"aligncenter size-full wp-image-6522\" src=\"http://kinh365.com/wp-content/uploads/2015/05/10660266_987812261231320_5082009630243142612_n.jpg\" style=\"border:1px solid rgb(221, 221, 221); clear:both; display:block; height:auto; margin:0.4em auto 1.625em; max-width:97.5%; width:auto\" /></a></p>\r\n\r\n<p>Trước khi trở lại S&agrave;i G&ograve;n, Maria Đinh Phương &Aacute;nh c&ugrave;ng Meo Meo, Julia Th&uacute;y Anh đ&atilde; c&oacute; những bức h&igrave;nh chụp kỷ niệm. Được biết, sau kỳ nghỉ Julia Th&uacute;y Anh sẽ trở về Mỹ tiếp tục c&ocirc;ng việc kinh doanh, Đinh Phương &Aacute;nh bận rộn với những dự &aacute;n dang dở, c&ograve;n Meo Meo cũng rất t&iacute;ch cực trong việc quản l&yacute; hoạt động kinh doanh b&ecirc;n gia đ&igrave;nh nh&agrave; chồng.</p>\r\n\r\n<p>Ch&uacute;ng t&ocirc;i sẽ tiếp tục d&otilde;i bước theo c&aacute;c người đẹp để kịp nắm bắt xu hướng thời trang, đặc biệt l&agrave; về mắt k&iacute;nh để cập nhật tới c&aacute;c bạn trong c&aacute;c b&agrave;i viết sau.</p>\r\n', '1', '0', 'lrzdf1upvmpvsuo.jpg', '0', '2015-08-07 01:54:46', '2015-08-07 01:54:46', 'maria-dinh-phuong-anh-nghi-duong-cung-ban-be-tai-intercontinental-da-nang');

-- ----------------------------
-- Table structure for blog_category
-- ----------------------------
DROP TABLE IF EXISTS `blog_category`;
CREATE TABLE `blog_category` (
  `id` int(10) unsigned NOT NULL AUTO_INCREMENT,
  `blog_id` int(11) NOT NULL,
  `category_id` int(11) NOT NULL,
  `created_at` timestamp NOT NULL DEFAULT '0000-00-00 00:00:00',
  `updated_at` timestamp NOT NULL DEFAULT '0000-00-00 00:00:00',
  PRIMARY KEY (`id`)
) ENGINE=InnoDB AUTO_INCREMENT=14 DEFAULT CHARSET=utf8 COLLATE=utf8_unicode_ci;

-- ----------------------------
-- Records of blog_category
-- ----------------------------
INSERT INTO `blog_category` VALUES ('1', '1', '2', '2015-06-03 08:30:05', '2015-06-03 08:30:05');
INSERT INTO `blog_category` VALUES ('8', '9', '2', '2015-06-12 08:17:37', '2015-06-12 08:17:37');
INSERT INTO `blog_category` VALUES ('9', '10', '43', '2015-08-07 01:51:31', '2015-08-07 01:51:31');
INSERT INTO `blog_category` VALUES ('10', '11', '43', '2015-08-07 01:52:10', '2015-08-07 01:52:10');
INSERT INTO `blog_category` VALUES ('11', '12', '43', '2015-08-07 01:52:47', '2015-08-07 01:52:47');
INSERT INTO `blog_category` VALUES ('12', '13', '43', '2015-08-07 01:53:37', '2015-08-07 01:53:37');
INSERT INTO `blog_category` VALUES ('13', '14', '43', '2015-08-07 01:54:46', '2015-08-07 01:54:46');

-- ----------------------------
-- Table structure for blog_image
-- ----------------------------
DROP TABLE IF EXISTS `blog_image`;
CREATE TABLE `blog_image` (
  `id` int(10) unsigned NOT NULL AUTO_INCREMENT,
  `blog_id` int(11) NOT NULL,
  `image_id` int(11) NOT NULL,
  `created_at` timestamp NOT NULL DEFAULT '0000-00-00 00:00:00',
  `updated_at` timestamp NOT NULL DEFAULT '0000-00-00 00:00:00',
  PRIMARY KEY (`id`)
) ENGINE=InnoDB DEFAULT CHARSET=utf8 COLLATE=utf8_unicode_ci;

-- ----------------------------
-- Records of blog_image
-- ----------------------------

-- ----------------------------
-- Table structure for categories
-- ----------------------------
DROP TABLE IF EXISTS `categories`;
CREATE TABLE `categories` (
  `id` int(10) unsigned NOT NULL AUTO_INCREMENT,
  `name` varchar(255) COLLATE utf8_unicode_ci DEFAULT NULL,
  `description` varchar(255) COLLATE utf8_unicode_ci DEFAULT NULL,
  `short_description` varchar(255) COLLATE utf8_unicode_ci DEFAULT NULL,
  `state` tinyint(1) NOT NULL DEFAULT '1',
  `highlight` tinyint(1) NOT NULL DEFAULT '0',
  `link` varchar(255) COLLATE utf8_unicode_ci DEFAULT NULL,
  `order` int(11) DEFAULT NULL,
  `parent_id` int(11) DEFAULT NULL,
  `image` varchar(255) COLLATE utf8_unicode_ci DEFAULT NULL,
  `category_type` varchar(255) COLLATE utf8_unicode_ci DEFAULT NULL,
  `content` text COLLATE utf8_unicode_ci,
  `created_at` timestamp NOT NULL DEFAULT '0000-00-00 00:00:00',
  `updated_at` timestamp NOT NULL DEFAULT '0000-00-00 00:00:00',
  `alias` varchar(255) COLLATE utf8_unicode_ci DEFAULT NULL,
  PRIMARY KEY (`id`)
) ENGINE=InnoDB AUTO_INCREMENT=44 DEFAULT CHARSET=utf8 COLLATE=utf8_unicode_ci;

-- ----------------------------
-- Records of categories
-- ----------------------------
INSERT INTO `categories` VALUES ('2', 'Giới thiệu', '', '', '1', '0', '', '2', null, null, 'menu', '', '2015-06-01 02:15:59', '2015-06-11 03:03:09', 'gioi-thieu');
INSERT INTO `categories` VALUES ('3', 'Hướng dẫn mua hàng', '', '', '0', '0', '', '3', null, null, 'menu', '', '2015-06-01 02:17:41', '2015-08-07 01:58:04', 'huong-dan-mua-hang');
INSERT INTO `categories` VALUES ('4', 'Khuyến mãi hot', '', '', '1', '0', '', '4', null, null, 'menu', '', '2015-06-01 02:18:03', '2015-06-11 03:03:09', 'khuyen-mai-hot');
INSERT INTO `categories` VALUES ('6', 'Bản đồ liên hệ', '', '', '1', '0', '', '6', null, null, 'menu', '', '2015-06-01 02:18:45', '2015-08-07 01:57:42', 'ban-do-lien-he');
INSERT INTO `categories` VALUES ('11', 'Mắt kính Rayban', '', '', '1', '0', '', '1', null, null, 'product', '', '2015-06-01 02:57:32', '2015-06-11 03:03:10', 'mat-kinh-rayban');
INSERT INTO `categories` VALUES ('12', 'Trung Cấp 129k', '', '', '1', '0', '', '1', '11', null, 'product', '', '2015-06-01 02:58:12', '2015-08-05 07:52:27', 'rayban-trung-cap-129k');
INSERT INTO `categories` VALUES ('13', 'Wayfarer 350k', '', '', '1', '0', '', '2', '11', null, 'product', '', '2015-06-01 02:58:34', '2015-08-05 07:52:20', 'rayban-wayfarer-350k');
INSERT INTO `categories` VALUES ('14', 'Rayban Vip 450k', '', '', '1', '0', '', '3', '11', null, 'product', '', '2015-06-01 02:59:05', '2015-06-11 03:03:10', 'rayban-vip-450k');
INSERT INTO `categories` VALUES ('17', 'American Optical', '', '', '1', '0', '', '1', '14', null, 'product', '', '2015-06-01 03:00:40', '2015-06-11 03:03:10', 'american-optical');
INSERT INTO `categories` VALUES ('18', 'Louis Vuitton', '', '', '1', '0', '', '2', '14', null, 'product', '', '2015-06-01 03:01:30', '2015-06-11 03:03:10', 'louis-vuitton');
INSERT INTO `categories` VALUES ('19', 'Kính Nam Cao Cấp', '', '', '1', '0', '', '3', null, null, 'product', '', '2015-06-10 06:49:03', '2015-06-11 03:03:10', 'kinh-nam-cao-cap');
INSERT INTO `categories` VALUES ('20', 'American Optical', '', '', '1', '0', '', '1', '19', null, 'product', '', '2015-06-10 06:49:34', '2015-06-11 03:03:10', 'american-optical-1');
INSERT INTO `categories` VALUES ('21', 'Louis Vuitton', '', '', '1', '0', '', '2', '19', null, 'product', '', '2015-06-10 06:49:58', '2015-06-11 03:03:10', 'louis-vuitton-1');
INSERT INTO `categories` VALUES ('22', 'Kính Nam Trung Cấp', '', '', '1', '0', '', '3', '19', null, 'product', '', '2015-06-10 06:50:19', '2015-06-11 03:03:10', 'kinh-nam-trung-cap');
INSERT INTO `categories` VALUES ('23', 'KÍNH NỮ CAO CẤP', '', '', '1', '0', '', '4', null, null, 'product', '', '2015-06-10 06:51:01', '2015-06-11 03:03:10', 'kinh-nu-cao-cap');
INSERT INTO `categories` VALUES ('24', 'Catier', '', '', '1', '0', '', '1', '23', null, 'blog', '', '2015-06-10 06:51:19', '2015-06-11 03:03:10', 'catier');
INSERT INTO `categories` VALUES ('25', 'Celine', '', '', '1', '0', '', '2', '23', null, 'product', '', '2015-06-10 06:51:37', '2015-06-11 03:03:10', 'celine');
INSERT INTO `categories` VALUES ('26', 'Chanel', '', '', '1', '0', '', '3', '23', null, 'product', '', '2015-06-10 06:52:00', '2015-06-11 03:03:10', 'chanel');
INSERT INTO `categories` VALUES ('27', 'Gucci', '', '', '1', '0', '', '4', '23', null, 'product', '', '2015-06-10 06:52:19', '2015-06-11 03:03:10', 'gucci');
INSERT INTO `categories` VALUES ('28', 'Christian Dior', '', '', '1', '0', '', '5', '23', null, 'product', '', '2015-06-10 06:52:37', '2015-06-11 03:03:10', 'christian-dior');
INSERT INTO `categories` VALUES ('29', 'Roberto Cavalli', '', '', '1', '0', '', '6', '23', null, 'product', '', '2015-06-10 06:53:47', '2015-06-11 03:03:10', 'roberto-cavalli');
INSERT INTO `categories` VALUES ('30', 'Fendi', '', '', '1', '0', '', '7', '23', null, 'product', '', '2015-06-10 06:54:05', '2015-06-11 03:03:10', 'fendi');
INSERT INTO `categories` VALUES ('31', 'Tomford', '', '', '1', '0', '', '9', '23', null, 'product', '', '2015-06-10 06:54:25', '2015-06-11 03:03:10', 'tomford');
INSERT INTO `categories` VALUES ('32', 'Hermes', '', '', '1', '0', '', '10', '23', null, 'product', '', '2015-06-10 06:54:47', '2015-06-11 03:03:10', 'hermes');
INSERT INTO `categories` VALUES ('33', 'Chopard', '', '', '1', '0', '', '12', '23', null, 'product', '', '2015-06-10 06:55:59', '2015-06-11 03:03:10', 'chopard');
INSERT INTO `categories` VALUES ('34', 'D&G', '', '', '1', '0', '', '14', '23', null, 'product', '', '2015-06-10 06:56:17', '2015-06-11 03:03:10', 'dg');
INSERT INTO `categories` VALUES ('35', 'Louis Vuitton', '', '', '1', '0', '', '15', '23', null, 'product', '', '2015-06-10 06:56:36', '2015-06-11 03:03:10', 'louis-vuitton-2');
INSERT INTO `categories` VALUES ('36', 'Kính Nữ Trung Cấp', '', '', '1', '0', '', '16', '23', null, 'product', '', '2015-06-10 06:56:58', '2015-06-11 03:03:10', 'kinh-nu-trung-cap');
INSERT INTO `categories` VALUES ('37', 'GỌNG KÍNH CẬN', '', '', '0', '0', '', '5', null, null, 'product', '', '2015-06-10 06:58:51', '2015-06-11 03:03:10', 'gong-kinh-can');
INSERT INTO `categories` VALUES ('38', 'Gọng Cận Rayban', '', '', '1', '0', '', '1', '37', null, 'product', '', '2015-06-10 06:59:09', '2015-06-11 03:03:10', 'gong-can-rayban');
INSERT INTO `categories` VALUES ('39', 'Gọng Cận Porsche', '', '', '1', '0', '', '2', '37', null, 'product', '', '2015-06-10 06:59:25', '2015-06-11 03:03:10', 'gong-can-porsche');
INSERT INTO `categories` VALUES ('40', 'Gọng Cận Nam Nữ', '', '', '1', '0', '', '3', '37', null, 'product', '', '2015-06-10 06:59:48', '2015-06-11 03:03:10', 'gong-can-nam-nu');
INSERT INTO `categories` VALUES ('41', 'Gọng Nhựa Nam Nữ', '', '', '1', '0', '', '4', '37', null, 'product', '', '2015-06-10 07:00:05', '2015-06-11 03:03:10', 'gong-nhua-nam-nu');
INSERT INTO `categories` VALUES ('42', 'Gọng Cận Titanium', '', '', '1', '0', '', '5', '37', null, 'product', '', '2015-06-10 07:00:21', '2015-06-11 03:03:10', 'gong-can-titanium');
INSERT INTO `categories` VALUES ('43', 'Tin tức', '', '', '1', '0', '', '0', null, null, 'menu', '', '2015-08-07 01:45:37', '2015-08-07 01:55:09', 'tin-tuc');

-- ----------------------------
-- Table structure for coupons
-- ----------------------------
DROP TABLE IF EXISTS `coupons`;
CREATE TABLE `coupons` (
  `id` int(10) unsigned NOT NULL AUTO_INCREMENT,
  `name` varchar(255) COLLATE utf8_unicode_ci NOT NULL,
  `description` varchar(255) COLLATE utf8_unicode_ci DEFAULT NULL,
  `content` text COLLATE utf8_unicode_ci,
  `image` varchar(255) COLLATE utf8_unicode_ci DEFAULT NULL,
  `state` tinyint(1) NOT NULL DEFAULT '0',
  `date_begin` datetime DEFAULT NULL,
  `date_end` datetime DEFAULT NULL,
  `created_at` timestamp NOT NULL DEFAULT '0000-00-00 00:00:00',
  `updated_at` timestamp NOT NULL DEFAULT '0000-00-00 00:00:00',
  PRIMARY KEY (`id`)
) ENGINE=InnoDB DEFAULT CHARSET=utf8 COLLATE=utf8_unicode_ci;

-- ----------------------------
-- Records of coupons
-- ----------------------------

-- ----------------------------
-- Table structure for images
-- ----------------------------
DROP TABLE IF EXISTS `images`;
CREATE TABLE `images` (
  `id` int(10) unsigned NOT NULL AUTO_INCREMENT,
  `name` varchar(255) COLLATE utf8_unicode_ci NOT NULL,
  `url` varchar(255) COLLATE utf8_unicode_ci NOT NULL,
  `description` varchar(255) COLLATE utf8_unicode_ci NOT NULL,
  `order` int(11) DEFAULT NULL,
  `created_at` timestamp NOT NULL DEFAULT '0000-00-00 00:00:00',
  `updated_at` timestamp NOT NULL DEFAULT '0000-00-00 00:00:00',
  PRIMARY KEY (`id`)
) ENGINE=InnoDB AUTO_INCREMENT=95 DEFAULT CHARSET=utf8 COLLATE=utf8_unicode_ci;

-- ----------------------------
-- Records of images
-- ----------------------------
INSERT INTO `images` VALUES ('20', 'Mắt kính thời trang cao cấp DR', 'jp9eaxlaxpavmgu.jpg', '', null, '2015-06-10 03:11:42', '2015-06-10 03:11:42');
INSERT INTO `images` VALUES ('21', 'Mắt kính thời trang cao cấp DR', '9rqsaxkrokmw7hg.jpg', '', null, '2015-06-10 03:11:42', '2015-06-10 03:11:42');
INSERT INTO `images` VALUES ('22', 'Mắt kính thời trang cao cấp DR', 'nls84t7a1q0njsv.jpg', '', null, '2015-06-10 03:11:42', '2015-06-10 03:11:42');
INSERT INTO `images` VALUES ('23', 'Mắt kính thời trang cao cấp DR', 'ivrenzos8iib3hn.jpg', '', null, '2015-06-10 03:11:42', '2015-06-10 03:11:42');
INSERT INTO `images` VALUES ('24', 'Mắt kính nữ cao cấp Gucci', 'b34xvwa6cse4qmq.jpg', '', null, '2015-06-10 03:31:57', '2015-06-10 03:31:57');
INSERT INTO `images` VALUES ('25', 'Mắt kính nữ cao cấp Gucci', 'qbrwzhfeliozfch.jpg', '', null, '2015-06-10 03:31:57', '2015-06-10 03:31:57');
INSERT INTO `images` VALUES ('26', 'Mắt kính nữ cao cấp Gucci', '9xxlmgtlqnawbbz.jpg', '', null, '2015-06-10 03:31:57', '2015-06-10 03:31:57');
INSERT INTO `images` VALUES ('27', 'Mắt kính nữ cao cấp Gucci', 'nuipxantfw0ngj9.jpg', '', null, '2015-06-10 03:31:57', '2015-06-10 03:31:57');
INSERT INTO `images` VALUES ('28', 'Mắt kính cao cấp BalMan', '1awehv6d6frceky.jpg', '', null, '2015-06-10 04:12:50', '2015-06-10 04:12:50');
INSERT INTO `images` VALUES ('29', 'Mắt kính cao cấp BalMan', '48y7ncpccffq80d.jpg', '', null, '2015-06-10 04:12:50', '2015-06-10 04:12:50');
INSERT INTO `images` VALUES ('30', 'Mắt kính cao cấp BalMan', 'ybpikodtyp5w9gd.jpg', '', null, '2015-06-10 04:12:50', '2015-06-10 04:12:50');
INSERT INTO `images` VALUES ('31', 'Mắt kính cao cấp BalMan', 'mffhbn2gbsv6qcq.jpg', '', null, '2015-06-10 04:12:51', '2015-06-10 04:12:51');
INSERT INTO `images` VALUES ('32', 'Mắt kính cao cấp BalMan', 'zlzrteefxrxjbi9.jpg', '', null, '2015-06-10 04:12:51', '2015-06-10 04:12:51');
INSERT INTO `images` VALUES ('33', 'Mắt kính cao cấp BalMan', 'nthvynyfj7rmudq.jpg', '', null, '2015-06-10 04:12:51', '2015-06-10 04:12:51');
INSERT INTO `images` VALUES ('34', 'Mắt kính thời trang cao cấp Dior', 'xtkqvz8anykqcwo.jpg', '', null, '2015-06-10 04:32:06', '2015-06-10 04:32:06');
INSERT INTO `images` VALUES ('35', 'Mắt kính thời trang cao cấp Dior', '7e3tqjmeduiwvej.jpg', '', null, '2015-06-10 04:32:06', '2015-06-10 04:32:06');
INSERT INTO `images` VALUES ('36', 'Mắt kính thời trang cao cấp Dior', 'l7kjl2yugvyohqj.jpg', '', null, '2015-06-10 04:32:07', '2015-06-10 04:32:07');
INSERT INTO `images` VALUES ('37', 'Mắt kính thời trang cao cấp Dior', 'gno3mqsnv47xva3.jpg', '', null, '2015-06-10 04:32:07', '2015-06-10 04:32:07');
INSERT INTO `images` VALUES ('38', 'Mắt kính thời trang cao cấp Dior', 'u72387hsb4kema2.jpg', '', null, '2015-06-10 04:32:07', '2015-06-10 04:32:07');
INSERT INTO `images` VALUES ('39', 'Mắt kính thời trang cao cấp Dior', 'ftdmhrdm5qbpuno.jpg', '', null, '2015-06-10 04:32:07', '2015-06-10 04:32:07');
INSERT INTO `images` VALUES ('40', 'Mắt kinh thời trang cao cấp DR Venus', 'csvoocbzjgpskgr.jpg', '', null, '2015-06-10 04:40:04', '2015-06-10 04:40:04');
INSERT INTO `images` VALUES ('41', 'Mắt kinh thời trang cao cấp DR Venus', 'oaqh6cjvt6vsnm8.jpg', '', null, '2015-06-10 04:40:04', '2015-06-10 04:40:04');
INSERT INTO `images` VALUES ('42', 'Mắt kinh thời trang cao cấp DR Venus', 'esiunzskrp7c4mv.jpg', '', null, '2015-06-10 04:40:04', '2015-06-10 04:40:04');
INSERT INTO `images` VALUES ('43', 'Mắt kinh thời trang cao cấp DR Venus', 'ztxtwyqaygatene.jpg', '', null, '2015-06-10 04:40:04', '2015-06-10 04:40:04');
INSERT INTO `images` VALUES ('44', 'Mắt kinh thời trang cao cấp DR Venus', 'yiua7cyqfvqnht3.jpg', '', null, '2015-06-10 04:40:04', '2015-06-10 04:40:04');
INSERT INTO `images` VALUES ('45', 'Mắt kinh thời trang cao cấp DR Venus', 'kpw9fcaswbog7rz.jpg', '', null, '2015-06-10 04:40:05', '2015-06-10 04:40:05');
INSERT INTO `images` VALUES ('46', 'Mắt kinh thời trang cao cấp Miu Miu Relax', 'ce7j1jwlgc6toqh.jpg', '', null, '2015-06-10 04:42:33', '2015-06-10 04:42:33');
INSERT INTO `images` VALUES ('47', 'Mắt kinh thời trang cao cấp Miu Miu Relax', '0arhnrhqpt1isvc.jpg', '', null, '2015-06-10 04:42:33', '2015-06-10 04:42:33');
INSERT INTO `images` VALUES ('48', 'Mắt kinh thời trang cao cấp Miu Miu Relax', 'etqvftfy5owks0b.jpg', '', null, '2015-06-10 04:42:33', '2015-06-10 04:42:33');
INSERT INTO `images` VALUES ('49', 'Mắt kinh thời trang cao cấp Miu Miu Relax', 'bg9ahkdk0x6rli0.jpg', '', null, '2015-06-10 04:42:33', '2015-06-10 04:42:33');
INSERT INTO `images` VALUES ('50', 'Mắt kinh thời trang cao cấp Miu Miu Relax', 'fglgtpglnert54x.jpg', '', null, '2015-06-10 04:42:33', '2015-06-10 04:42:33');
INSERT INTO `images` VALUES ('51', 'Mắt kinh thời trang cao cấp Miu Miu Relax', 'darqmmwkeeroaru.jpg', '', null, '2015-06-10 04:42:33', '2015-06-10 04:42:33');
INSERT INTO `images` VALUES ('52', 'Mắt kinh thời trang cao cấp Miu Miu Relax', 'ktoyo4isuquk4tf.jpg', '', null, '2015-06-10 04:42:33', '2015-06-10 04:42:33');
INSERT INTO `images` VALUES ('53', 'Mắt kính cao cấp MIUMIU Racer Vip', 'bomp3lquexdwkhv.jpg', '', null, '2015-06-10 04:52:18', '2015-06-10 04:52:18');
INSERT INTO `images` VALUES ('54', 'Mắt kính cao cấp MIUMIU Racer Vip', '8hxselqgduak4gj.jpg', '', null, '2015-06-10 04:52:18', '2015-06-10 04:52:18');
INSERT INTO `images` VALUES ('55', 'Mắt kính cao cấp MIUMIU Racer Vip', 'wbhcpfyuat9uovb.jpg', '', null, '2015-06-10 04:52:18', '2015-06-10 04:52:18');
INSERT INTO `images` VALUES ('56', 'Mắt kính cao cấp MIUMIU Racer Vip', 'jaoxvzbtywpdb8z.jpg', '', null, '2015-06-10 04:52:18', '2015-06-10 04:52:18');
INSERT INTO `images` VALUES ('57', 'Mắt kính cao cấp MIUMIU Racer Vip', 'vw4ymuq7tjctmhp.jpg', '', null, '2015-06-10 04:52:18', '2015-06-10 04:52:18');
INSERT INTO `images` VALUES ('58', 'Mắt kính cao cấp MIUMIU Racer Vip', 'ime9z86btj1jecp.jpg', '', null, '2015-06-10 04:52:18', '2015-06-10 04:52:18');
INSERT INTO `images` VALUES ('59', 'Mắt kính cao cấp MIUMIU Racer Vip', 'yw4qahcpj2bxp3u.jpg', '', null, '2015-06-10 04:52:18', '2015-06-10 04:52:18');
INSERT INTO `images` VALUES ('60', 'Kính thuốc cao cấp dành cho nữ', 'pqevrm4yqg1wyvr.jpg', '', null, '2015-06-10 04:54:22', '2015-06-10 04:54:22');
INSERT INTO `images` VALUES ('61', 'Kính thuốc cao cấp dành cho nữ', '2ae6kojwufwj90d.jpg', '', null, '2015-06-10 04:54:22', '2015-06-10 04:54:22');
INSERT INTO `images` VALUES ('62', 'Kính thuốc cao cấp dành cho nữ', 'vveka18sjcmd0eg.jpg', '', null, '2015-06-10 04:54:22', '2015-06-10 04:54:22');
INSERT INTO `images` VALUES ('63', 'Kính thuốc cao cấp dành cho nữ', 'j6zkzt7wxma3wfr.jpg', '', null, '2015-06-10 04:54:23', '2015-06-10 04:54:23');
INSERT INTO `images` VALUES ('64', 'Kính thuốc cao cấp dành cho nữ', 'og38auo1gl8rwos.jpg', '', null, '2015-06-10 04:54:23', '2015-06-10 04:54:23');
INSERT INTO `images` VALUES ('65', 'Kính thuốc cao cấp dành cho nữ', '5bmswqeafcdnnfd.jpg', '', null, '2015-06-10 04:54:23', '2015-06-10 04:54:23');
INSERT INTO `images` VALUES ('66', 'Kính thuốc cao cấp dành cho nữ', 'tmfyvdy47e8njyy.jpg', '', null, '2015-06-10 04:54:23', '2015-06-10 04:54:23');
INSERT INTO `images` VALUES ('67', 'Kính thuốc cao cấp dành cho nữ', '10ztzvowkzcjveh.jpg', '', null, '2015-06-10 04:54:23', '2015-06-10 04:54:23');
INSERT INTO `images` VALUES ('68', 'Mắt kính thời trang cao cấp Versace Linux', 'o4ynaoupt32cocn.jpg', '', null, '2015-06-10 04:56:40', '2015-06-10 04:56:40');
INSERT INTO `images` VALUES ('69', 'Mắt kính thời trang cao cấp Versace Linux', 'cqtwltumv8p8uot.jpg', '', null, '2015-06-10 04:56:40', '2015-06-10 04:56:40');
INSERT INTO `images` VALUES ('70', 'Mắt kính thời trang cao cấp Versace Linux', 'czdfou0dc9xrmoj.jpg', '', null, '2015-06-10 04:56:40', '2015-06-10 04:56:40');
INSERT INTO `images` VALUES ('71', 'Mắt kính thời trang cao cấp Versace Linux', 'iig6reqllzcldk9.jpg', '', null, '2015-06-10 04:56:41', '2015-06-10 04:56:41');
INSERT INTO `images` VALUES ('72', 'Mắt kính thời trang cao cấp Versace Linux', 'kqbzrjrvypyeskt.jpg', '', null, '2015-06-10 04:56:41', '2015-06-10 04:56:41');
INSERT INTO `images` VALUES ('73', 'Mắt kính thời trang cao cấp Versace Linux', 'ibulglmwbkepa9b.jpg', '', null, '2015-06-10 04:56:41', '2015-06-10 04:56:41');
INSERT INTO `images` VALUES ('74', 'Mắt kính thời trang cao cấp Versace Linux', 'lzo0iuylkrsrvci.jpg', '', null, '2015-06-10 04:56:41', '2015-06-10 04:56:41');
INSERT INTO `images` VALUES ('75', 'Mắt kính cao cấp Luivoston LV', 'cd1lbxg3vssluzf.jpg', '', null, '2015-06-10 06:29:04', '2015-06-10 06:29:04');
INSERT INTO `images` VALUES ('76', 'Mắt kính cao cấp Luivoston LV', 'yeqh52zjxrzok9s.jpg', '', null, '2015-06-10 06:29:04', '2015-06-10 06:29:04');
INSERT INTO `images` VALUES ('77', 'Mắt kính cao cấp Luivoston LV', 'ha2ihct64tdrupa.jpg', '', null, '2015-06-10 06:29:04', '2015-06-10 06:29:04');
INSERT INTO `images` VALUES ('78', 'Mắt kính cao cấp Luivoston LV', 'f9zn4rj82m3b9nu.jpg', '', null, '2015-06-10 06:29:04', '2015-06-10 06:29:04');
INSERT INTO `images` VALUES ('79', 'Mắt kính cao cấp Luivoston LV', 'at7nfr2w7m8iaa3.jpg', '', null, '2015-06-10 06:29:04', '2015-06-10 06:29:04');
INSERT INTO `images` VALUES ('80', 'Mắt kính cao cấp Luivoston LV', 'cdlgnjdbkpmg1ev.jpg', '', null, '2015-06-10 06:29:05', '2015-06-10 06:29:05');
INSERT INTO `images` VALUES ('81', 'Mắt kính cao cấp Luivoston LV', 'xqi65rhksvg2q75.jpg', '', null, '2015-06-10 06:29:05', '2015-06-10 06:29:05');
INSERT INTO `images` VALUES ('82', 'Mắt kính nữ cao cấp CT UV Protect', '8wzegahcemraiqm.jpg', '', null, '2015-06-10 06:36:29', '2015-06-10 06:36:29');
INSERT INTO `images` VALUES ('83', 'Mắt kính nữ cao cấp CT UV Protect', 'wq0ettvsz2lyutw.jpg', '', null, '2015-06-10 06:36:29', '2015-06-10 06:36:29');
INSERT INTO `images` VALUES ('84', 'Mắt kính nữ cao cấp CT UV Protect', 'ogisa3jdtixr9ih.jpg', '', null, '2015-06-10 06:36:29', '2015-06-10 06:36:29');
INSERT INTO `images` VALUES ('85', 'Mắt kính nữ cao cấp CT UV Protect', 'rcdqnxiehjqzdlr.jpg', '', null, '2015-06-10 06:36:29', '2015-06-10 06:36:29');
INSERT INTO `images` VALUES ('86', 'Mắt kính nữ cao cấp CT UV Protect', 'wpdknudpzdbzlki.jpg', '', null, '2015-06-10 06:36:29', '2015-06-10 06:36:29');
INSERT INTO `images` VALUES ('87', 'Mắt kính nữ cao cấp CT UV Protect', 'zqfalf6oascbelf.jpg', '', null, '2015-06-10 06:36:29', '2015-06-10 06:36:29');
INSERT INTO `images` VALUES ('88', 'Mắt kính nữ cao cấp CT UV Protect', 'ykduyy9h6rzupw9.jpg', '', null, '2015-06-10 06:36:30', '2015-06-10 06:36:30');
INSERT INTO `images` VALUES ('89', 'Mắt kính cao cấp RayBan Aviator', 'oxjzfch2ltwsjs8.jpg', '', null, '2015-06-10 06:43:18', '2015-06-10 06:43:18');
INSERT INTO `images` VALUES ('90', 'Mắt kính cao cấp RayBan Aviator', 'm2bbasnfdnpoarw.jpg', '', null, '2015-06-10 06:43:18', '2015-06-10 06:43:18');
INSERT INTO `images` VALUES ('91', 'Mắt kính cao cấp RayBan Aviator', 'wbibqcizwaxldwx.jpg', '', null, '2015-06-10 06:43:18', '2015-06-10 06:43:18');
INSERT INTO `images` VALUES ('92', 'Mắt kính cao cấp RayBan Aviator', 'pv32bptulcaed2t.jpg', '', null, '2015-06-10 06:43:18', '2015-06-10 06:43:18');
INSERT INTO `images` VALUES ('93', 'Mắt kính cao cấp RayBan Aviator', 'g89zlnmr8truazh.jpg', '', null, '2015-06-10 06:43:18', '2015-06-10 06:43:18');
INSERT INTO `images` VALUES ('94', 'Mắt kính cao cấp RayBan Aviator', '2olqu0gqfhsdmh9.jpg', '', null, '2015-06-10 06:43:18', '2015-06-10 06:43:18');

-- ----------------------------
-- Table structure for menu_kinh
-- ----------------------------
DROP TABLE IF EXISTS `menu_kinh`;
CREATE TABLE `menu_kinh` (
  `id` int(10) unsigned NOT NULL AUTO_INCREMENT,
  `name` varchar(255) COLLATE utf8_unicode_ci NOT NULL,
  `image` varchar(255) COLLATE utf8_unicode_ci NOT NULL,
  `link` varchar(255) COLLATE utf8_unicode_ci DEFAULT NULL,
  `order` int(11) DEFAULT NULL,
  `state` tinyint(1) NOT NULL DEFAULT '1',
  `highlight` tinyint(1) NOT NULL DEFAULT '0',
  `created_at` timestamp NOT NULL DEFAULT '0000-00-00 00:00:00',
  `updated_at` timestamp NOT NULL DEFAULT '0000-00-00 00:00:00',
  PRIMARY KEY (`id`)
) ENGINE=InnoDB DEFAULT CHARSET=utf8 COLLATE=utf8_unicode_ci;

-- ----------------------------
-- Records of menu_kinh
-- ----------------------------

-- ----------------------------
-- Table structure for migrations
-- ----------------------------
DROP TABLE IF EXISTS `migrations`;
CREATE TABLE `migrations` (
  `migration` varchar(255) COLLATE utf8_unicode_ci NOT NULL,
  `batch` int(11) NOT NULL
) ENGINE=InnoDB DEFAULT CHARSET=utf8 COLLATE=utf8_unicode_ci;

-- ----------------------------
-- Records of migrations
-- ----------------------------
INSERT INTO `migrations` VALUES ('2015_02_10_013755_create_users_table', '1');
INSERT INTO `migrations` VALUES ('2015_02_10_013814_create_blogs_table', '1');
INSERT INTO `migrations` VALUES ('2015_02_10_013841_create_categories_table', '1');
INSERT INTO `migrations` VALUES ('2015_02_10_013940_create_products_table', '1');
INSERT INTO `migrations` VALUES ('2015_02_10_014011_create_producers_table', '1');
INSERT INTO `migrations` VALUES ('2015_02_10_014046_create_orders_table', '1');
INSERT INTO `migrations` VALUES ('2015_02_10_014224_create_coupons_table', '1');
INSERT INTO `migrations` VALUES ('2015_02_10_014350_create_blog_category_table', '1');
INSERT INTO `migrations` VALUES ('2015_02_10_014412_create_product_category_table', '1');
INSERT INTO `migrations` VALUES ('2015_02_10_014516_create_product_order_table', '1');
INSERT INTO `migrations` VALUES ('2015_02_10_023600_create_images_table', '1');
INSERT INTO `migrations` VALUES ('2015_02_10_023631_create_blog_image_table', '1');
INSERT INTO `migrations` VALUES ('2015_02_10_023656_create_product_image_table', '1');
INSERT INTO `migrations` VALUES ('2015_02_10_024243_create_product_coupon_table', '1');
INSERT INTO `migrations` VALUES ('2015_05_29_133956_update_table_product', '1');
INSERT INTO `migrations` VALUES ('2015_05_31_144358_create_block_html_table', '1');
INSERT INTO `migrations` VALUES ('2015_05_31_152633_create_menu_kinh_table', '1');
INSERT INTO `migrations` VALUES ('2015_06_08_031703_UpdateOrder', '2');
INSERT INTO `migrations` VALUES ('2015_08_15_014855_add_sliders_table', '3');

-- ----------------------------
-- Table structure for orders
-- ----------------------------
DROP TABLE IF EXISTS `orders`;
CREATE TABLE `orders` (
  `id` int(10) unsigned NOT NULL AUTO_INCREMENT,
  `name` varchar(255) COLLATE utf8_unicode_ci NOT NULL,
  `description` varchar(255) COLLATE utf8_unicode_ci DEFAULT NULL,
  `product_ids` varchar(255) COLLATE utf8_unicode_ci DEFAULT NULL,
  `product_names` varchar(255) COLLATE utf8_unicode_ci DEFAULT NULL,
  `ship_address` varchar(255) COLLATE utf8_unicode_ci DEFAULT NULL,
  `state` tinyint(1) NOT NULL DEFAULT '1',
  `highlight` tinyint(1) NOT NULL DEFAULT '0',
  `total_price` float(8,2) DEFAULT NULL,
  `user_id` int(11) DEFAULT NULL,
  `order_type` varchar(255) COLLATE utf8_unicode_ci DEFAULT NULL,
  `created_at` timestamp NOT NULL DEFAULT '0000-00-00 00:00:00',
  `updated_at` timestamp NOT NULL DEFAULT '0000-00-00 00:00:00',
  `email` text COLLATE utf8_unicode_ci,
  `phone` int(11) DEFAULT NULL,
  `email_content` text COLLATE utf8_unicode_ci,
  PRIMARY KEY (`id`)
) ENGINE=InnoDB AUTO_INCREMENT=2 DEFAULT CHARSET=utf8 COLLATE=utf8_unicode_ci;

-- ----------------------------
-- Records of orders
-- ----------------------------
INSERT INTO `orders` VALUES ('1', 'Phạm Hoàng Phúc', 'Vận chuyển toàn quốc: Các bạn thuộc khu vực nội thành Tp. Hồ Chí Minh được nhân viên của MinhRayBan giao hàng tận nơi. Các bạn thuộc các khu vực khác chúng tôi sẽ chuyển hàng theo hình thức phát hàng thu tiền (COD) của bưu điện.', '131722', 'Mắt kính nữ cao cấp GucciMắt kinh thời trang cao cấp Miu Miu RelaxMắt kính nữ cao cấp CT UV Protect', 'Thanh Khê Đà Nẵng', '1', '0', '1000000.00', null, null, '2015-06-10 10:07:58', '2015-08-13 08:13:51', 'hoangphuc50@gmail.com', '1212122212', null);

-- ----------------------------
-- Table structure for producers
-- ----------------------------
DROP TABLE IF EXISTS `producers`;
CREATE TABLE `producers` (
  `id` int(10) unsigned NOT NULL AUTO_INCREMENT,
  `name` varchar(255) COLLATE utf8_unicode_ci NOT NULL,
  `description` varchar(255) COLLATE utf8_unicode_ci DEFAULT NULL,
  `content` text COLLATE utf8_unicode_ci,
  `image` varchar(255) COLLATE utf8_unicode_ci DEFAULT NULL,
  `created_at` timestamp NOT NULL DEFAULT '0000-00-00 00:00:00',
  `updated_at` timestamp NOT NULL DEFAULT '0000-00-00 00:00:00',
  PRIMARY KEY (`id`)
) ENGINE=InnoDB DEFAULT CHARSET=utf8 COLLATE=utf8_unicode_ci;

-- ----------------------------
-- Records of producers
-- ----------------------------

-- ----------------------------
-- Table structure for products
-- ----------------------------
DROP TABLE IF EXISTS `products`;
CREATE TABLE `products` (
  `id` int(10) unsigned NOT NULL AUTO_INCREMENT,
  `name` varchar(255) COLLATE utf8_unicode_ci NOT NULL,
  `description` varchar(255) COLLATE utf8_unicode_ci DEFAULT NULL,
  `content` text COLLATE utf8_unicode_ci,
  `state` tinyint(1) NOT NULL DEFAULT '1',
  `highlight` tinyint(1) NOT NULL DEFAULT '0',
  `old_price` float(15,2) DEFAULT NULL,
  `price` float(15,2) DEFAULT NULL,
  `public_price` tinyint(1) DEFAULT NULL,
  `include` varchar(255) COLLATE utf8_unicode_ci DEFAULT NULL,
  `image` varchar(255) COLLATE utf8_unicode_ci DEFAULT NULL,
  `user_id` int(11) NOT NULL,
  `producer_id` int(11) NOT NULL,
  `created_at` timestamp NOT NULL DEFAULT '0000-00-00 00:00:00',
  `updated_at` timestamp NOT NULL DEFAULT '0000-00-00 00:00:00',
  `feature` text COLLATE utf8_unicode_ci,
  `product_id` varchar(255) COLLATE utf8_unicode_ci DEFAULT NULL,
  `alias` varchar(255) COLLATE utf8_unicode_ci DEFAULT NULL,
  PRIMARY KEY (`id`)
) ENGINE=InnoDB AUTO_INCREMENT=24 DEFAULT CHARSET=utf8 COLLATE=utf8_unicode_ci;

-- ----------------------------
-- Records of products
-- ----------------------------
INSERT INTO `products` VALUES ('12', 'Mắt kính thời trang cao cấp DR', 'Kính mắt thời trang nữ cao cấp DR04 thể hiện rõ nhất tinh thần thời trang đẳng cấp của thương hiệu thời trang Pháp. Gọng kính DR04 làm từ kim loại, mạ tĩnh điện có khả năng chống oxi hóa cao, hạn chế các tác động của muối trong mồ hôi, độ ẩm từ môi trường', 'Kính mắt thời trang nữ cao cấp DR04 thể hiện rõ nhất tinh thần thời trang đẳng cấp của thương hiệu thời trang Pháp. Gọng kính DR04 làm từ kim loại, mạ tĩnh điện có khả năng chống oxi hóa cao, hạn chế các tác động của muối trong mồ hôi, độ ẩm từ môi trường', '1', '0', '1000000.00', '820000.00', '1', null, '98glriaunfkiw1r.jpg', '0', '0', '2015-06-10 03:11:41', '2015-06-11 02:37:28', '<table class=\"format_table\" style=\"border-collapse:collapse; border-spacing:0px; color:rgb(68, 68, 68) !important; font-family:segoe ui,tahoma,arial,helvetica,sans-serif !important; font-size:15px !important; line-height:20px; margin-bottom:10px !important; margin-top:10px !important; max-width:100%; width:852px\">\r\n	<tbody>\r\n		<tr>\r\n			<td style=\"vertical-align:text-top !important; width:120px !important\">Loại sản phẩm</td>\r\n			<td style=\"vertical-align:text-top !important; width:15px\">:</td>\r\n			<td style=\"text-align:justify !important; vertical-align:text-top !important\">K&iacute;nh mắt</td>\r\n		</tr>\r\n		<tr>\r\n			<td style=\"vertical-align:text-top !important; width:120px !important\">Nh&atilde;n hiệu</td>\r\n			<td style=\"vertical-align:text-top !important; width:15px\">:</td>\r\n			<td style=\"text-align:justify !important; vertical-align:text-top !important\">Thương hiệu thời trang nước Ph&aacute;p</td>\r\n		</tr>\r\n		<tr>\r\n			<td style=\"vertical-align:text-top !important; width:120px !important\">Model</td>\r\n			<td style=\"vertical-align:text-top !important; width:15px\">:</td>\r\n			<td style=\"text-align:justify !important; vertical-align:text-top !important\">DR01-KM</td>\r\n		</tr>\r\n		<tr>\r\n			<td style=\"vertical-align:text-top !important; width:120px !important\">Đối tượng</td>\r\n			<td style=\"vertical-align:text-top !important; width:15px\">:</td>\r\n			<td style=\"text-align:justify !important; vertical-align:text-top !important\">Nữ</td>\r\n		</tr>\r\n		<tr>\r\n			<td style=\"vertical-align:text-top !important; width:120px !important\">Chất liệu</td>\r\n			<td style=\"vertical-align:text-top !important; width:15px\">:</td>\r\n			<td style=\"text-align:justify !important; vertical-align:text-top !important\">Gọng kim loại cao cấp, tr&ograve;ng k&iacute;nh chống tia UV g&acirc;y hại</td>\r\n		</tr>\r\n		<tr>\r\n			<td style=\"vertical-align:text-top !important; width:120px !important\">M&agrave;u gọng k&iacute;nh</td>\r\n			<td style=\"vertical-align:text-top !important; width:15px\">:</td>\r\n			<td style=\"text-align:justify !important; vertical-align:text-top !important\">M&agrave;u v&agrave;ng</td>\r\n		</tr>\r\n		<tr>\r\n			<td style=\"vertical-align:text-top !important; width:120px !important\">M&agrave;u mắt k&iacute;nh</td>\r\n			<td style=\"vertical-align:text-top !important; width:15px\">:</td>\r\n			<td style=\"text-align:justify !important; vertical-align:text-top !important\">M&agrave;u xanh đen</td>\r\n		</tr>\r\n		<tr>\r\n			<td style=\"vertical-align:text-top !important; width:120px !important\">Thiết kế</td>\r\n			<td style=\"vertical-align:text-top !important; width:15px\">:</td>\r\n			<td style=\"text-align:justify !important; vertical-align:text-top !important\">Thanh mảnh, gọn nhẹ</td>\r\n		</tr>\r\n		<tr>\r\n			<td style=\"vertical-align:text-top !important; width:120px !important\">Sản phẩm gồm</td>\r\n			<td style=\"vertical-align:text-top !important; width:15px\">:</td>\r\n			<td style=\"text-align:justify !important; vertical-align:text-top !important\">1 k&iacute;nh DR04 cao cấp + 1 t&uacute;i mềm đựng + 1 khăn lau k&iacute;nh + 1 hộp đựng&nbsp;</td>\r\n		</tr>\r\n	</tbody>\r\n</table>\r\n', 'DR2', 'mat-kinh-thoi-trang-cao-cap-dr');
INSERT INTO `products` VALUES ('13', 'Mắt kính nữ cao cấp Gucci', 'Kính mắt nữ thời trang cao cấp GC01 sự kết hợp không thể hoàn hảo hơn giữa các chất liệu cao cấp và kiểu dáng thời trang đến từ thương hiệu cao cấp danh tiếng, một sự lựa chọn hoàn hảo cho phong cách thời trang của bạn.', 'Kính mắt thời trang nữ cao cấp DR04 thể hiện rõ nhất tinh thần thời trang đẳng cấp của thương hiệu thời trang Pháp. Gọng kính DR04 làm từ kim loại, mạ tĩnh điện có khả năng chống oxi hóa cao, hạn chế các tác động của muối trong mồ hôi, độ ẩm từ môi trường', '1', '0', '800000.00', '700000.00', '1', null, 'cqd152cimb8lfdw.jpg', '0', '0', '2015-06-10 03:31:57', '2015-06-11 02:37:22', '<table class=\"format_table\" style=\"border-collapse:collapse; border-spacing:0px; color:rgb(68, 68, 68) !important; font-family:segoe ui,tahoma,arial,helvetica,sans-serif !important; font-size:15px !important; line-height:20px; margin-bottom:10px !important; margin-top:10px !important; max-width:100%; width:852px\">\r\n	<tbody>\r\n		<tr>\r\n			<td style=\"vertical-align:text-top; width:120px\">Loại sản phẩm</td>\r\n			<td style=\"vertical-align:text-top; width:15px\">:</td>\r\n			<td style=\"text-align:justify; vertical-align:text-top\">K&iacute;nh mắt</td>\r\n		</tr>\r\n		<tr>\r\n			<td style=\"vertical-align:text-top; width:120px\">Nh&atilde;n hiệu</td>\r\n			<td style=\"vertical-align:text-top; width:15px\">:</td>\r\n			<td style=\"text-align:justify; vertical-align:text-top\">thương hiệu thời trang nước &Yacute;</td>\r\n		</tr>\r\n		<tr>\r\n			<td style=\"vertical-align:text-top; width:120px\">Model</td>\r\n			<td style=\"vertical-align:text-top; width:15px\">:</td>\r\n			<td style=\"text-align:justify; vertical-align:text-top\">GC01</td>\r\n		</tr>\r\n		<tr>\r\n			<td style=\"vertical-align:text-top; width:120px\">Đối tượng</td>\r\n			<td style=\"vertical-align:text-top; width:15px\">:</td>\r\n			<td style=\"text-align:justify; vertical-align:text-top\">Nữ</td>\r\n		</tr>\r\n		<tr>\r\n			<td style=\"vertical-align:text-top; width:120px\">Chất liệu</td>\r\n			<td style=\"vertical-align:text-top; width:15px\">:</td>\r\n			<td style=\"text-align:justify; vertical-align:text-top\">K&iacute;nh ph&acirc;n cực cao cấp chống tia UV, Gọng hợp kim cao cấp v&agrave; Axetate</td>\r\n		</tr>\r\n		<tr>\r\n			<td style=\"vertical-align:text-top; width:120px\">M&agrave;u gọng k&iacute;nh</td>\r\n			<td style=\"vertical-align:text-top; width:15px\">:</td>\r\n			<td style=\"text-align:justify; vertical-align:text-top\">M&agrave;u trắng</td>\r\n		</tr>\r\n		<tr>\r\n			<td style=\"vertical-align:text-top; width:120px\">Thiết kế</td>\r\n			<td style=\"vertical-align:text-top; width:15px\">:</td>\r\n			<td style=\"text-align:justify; vertical-align:text-top\">Mắt chuồn sang trọng, qu&yacute; ph&aacute;i</td>\r\n		</tr>\r\n		<tr>\r\n			<td style=\"vertical-align:text-top; width:120px\">Kiểu gọng</td>\r\n			<td style=\"vertical-align:text-top; width:15px\">:</td>\r\n			<td style=\"text-align:justify; vertical-align:text-top\">Gọng kim loại sang trọng mạ tĩnh điện c&oacute; khả năng chống oxi h&oacute;a cao</td>\r\n		</tr>\r\n		<tr>\r\n			<td style=\"vertical-align:text-top; width:120px\">Sản phẩm gồm</td>\r\n			<td style=\"vertical-align:text-top; width:15px\">:</td>\r\n			<td style=\"text-align:justify; vertical-align:text-top\">01 k&iacute;nh mắt thời trang cao cấp GC01 + 01 hộp đựng sản phẩm + bộ phụ kiện</td>\r\n		</tr>\r\n	</tbody>\r\n</table>\r\n', 'G45', 'mat-kinh-nu-cao-cap-gucci');
INSERT INTO `products` VALUES ('14', 'Mắt kính cao cấp BalMan', 'Mắt kính cao cấp BM01 được thiết kế từ chất liệu cao cấp chống xước có khả năng chống tia UV gây hại, không chỉ hỗ trợ về tầm nhìn, mà còn có thể tạo phong cách thời trang cho riêng bạn.', 'Kính mắt thời trang nữ cao cấp DR04 thể hiện rõ nhất tinh thần thời trang đẳng cấp của thương hiệu thời trang Pháp. Gọng kính DR04 làm từ kim loại, mạ tĩnh điện có khả năng chống oxi hóa cao, hạn chế các tác động của muối trong mồ hôi, độ ẩm từ môi trường', '1', '0', '1000000.00', '920000.00', '1', null, '8hzvdtb8dyqsgvs.jpg', '0', '0', '2015-06-10 04:12:50', '2015-06-11 02:37:17', '<table class=\"format_table\" style=\"border-collapse:collapse; border-spacing:0px; color:rgb(68, 68, 68) !important; font-family:segoe ui,tahoma,arial,helvetica,sans-serif !important; font-size:15px !important; line-height:20px; margin-bottom:10px !important; margin-top:10px !important; max-width:100%; width:852px\">\r\n	<tbody>\r\n		<tr>\r\n			<td style=\"vertical-align:text-top !important; width:120px !important\">&nbsp;Loại sản phẩm</td>\r\n			<td style=\"vertical-align:text-top !important; width:15px\">:</td>\r\n			<td style=\"text-align:justify !important; vertical-align:text-top !important\">K&iacute;nh mắt</td>\r\n		</tr>\r\n		<tr>\r\n			<td style=\"vertical-align:text-top !important; width:120px !important\">&nbsp;Nh&atilde;n hiệu</td>\r\n			<td style=\"vertical-align:text-top !important; width:15px\">:</td>\r\n			<td style=\"text-align:justify !important; vertical-align:text-top !important\">Thương hiệu nổi tiếng nước &Yacute;&nbsp;</td>\r\n		</tr>\r\n		<tr>\r\n			<td style=\"vertical-align:text-top !important; width:120px !important\">&nbsp;Model</td>\r\n			<td style=\"vertical-align:text-top !important; width:15px\">:</td>\r\n			<td style=\"text-align:justify !important; vertical-align:text-top !important\">RB01</td>\r\n		</tr>\r\n		<tr>\r\n			<td style=\"vertical-align:text-top !important; width:120px !important\">&nbsp;Đối tượng</td>\r\n			<td style=\"vertical-align:text-top !important; width:15px\">:</td>\r\n			<td style=\"text-align:justify !important; vertical-align:text-top !important\">Nam, Nữ</td>\r\n		</tr>\r\n		<tr>\r\n			<td style=\"vertical-align:text-top !important; width:120px !important\">&nbsp;Chất liệu</td>\r\n			<td style=\"vertical-align:text-top !important; width:15px\">:</td>\r\n			<td style=\"text-align:justify !important; vertical-align:text-top !important\">Mắt k&iacute;nh tr&aacute;ng gương cao cấp chống xước tốt. Gọng kim loại mạ v&agrave;ng bọc inon s&aacute;ng b&oacute;ng.</td>\r\n		</tr>\r\n		<tr>\r\n			<td style=\"vertical-align:text-top !important; width:120px !important\">&nbsp;M&agrave;u gọng k&iacute;nh</td>\r\n			<td style=\"vertical-align:text-top !important; width:15px\">:</td>\r\n			<td style=\"text-align:justify !important; vertical-align:text-top !important\">M&agrave;u v&agrave;ng sang trọng bọc mắt k&iacute;nh phản chiếu bền đẹp</td>\r\n		</tr>\r\n		<tr>\r\n			<td style=\"vertical-align:text-top !important; width:120px !important\">&nbsp;M&agrave;u mắt k&iacute;nh</td>\r\n			<td style=\"vertical-align:text-top !important; width:15px\">:</td>\r\n			<td style=\"text-align:justify !important; vertical-align:text-top !important\">Xanh l&aacute;, Xanh lam, Da cam</td>\r\n		</tr>\r\n		<tr>\r\n			<td style=\"vertical-align:text-top !important; width:120px !important\">&nbsp;Thiết kế</td>\r\n			<td style=\"vertical-align:text-top !important; width:15px\">:</td>\r\n			<td style=\"text-align:justify !important; vertical-align:text-top !important\">Mới lạ, độc đ&aacute;o, thời trang, v&agrave; sang trọng</td>\r\n		</tr>\r\n		<tr>\r\n			<td style=\"vertical-align:text-top !important; width:120px !important\">&nbsp;Kiểu d&aacute;ng</td>\r\n			<td style=\"vertical-align:text-top !important; width:15px\">:</td>\r\n			<td style=\"text-align:justify !important; vertical-align:text-top !important\">Mắt k&iacute;nh aviator thời trang &ocirc;m s&aacute;t kh&ocirc;n mặt</td>\r\n		</tr>\r\n		<tr>\r\n			<td style=\"vertical-align:text-top !important; width:120px !important\">&nbsp;Sản phẩm gồm</td>\r\n			<td style=\"vertical-align:text-top !important; width:15px\">:</td>\r\n			<td style=\"text-align:justify !important; vertical-align:text-top !important\">01 K&iacute;nh mắt thời trang cao cấp RB01 + 01 hộp đựng sản phẩm + bộ phụ kiện</td>\r\n		</tr>\r\n	</tbody>\r\n</table>\r\n', 'BM1', 'mat-kinh-cao-cap-balman');
INSERT INTO `products` VALUES ('15', 'Mắt kính thời trang cao cấp Dior', 'Kính Mắt Nữ Cao Cấp DR01: Mẫu kính mới nhất năm nay của thương hiệu DR dành cho phái đẹp, mắt kính chống tia UV hiệu quả kết hợp gọng nạm đá cao cấp, ôm sát khuôn mặt mang đến phong cách thời trang, sành điệu và đẳng cấp cho người dùng.', 'Kính mắt thời trang nữ cao cấp DR04 thể hiện rõ nhất tinh thần thời trang đẳng cấp của thương hiệu thời trang Pháp. Gọng kính DR04 làm từ kim loại, mạ tĩnh điện có khả năng chống oxi hóa cao, hạn chế các tác động của muối trong mồ hôi, độ ẩm từ môi trường', '1', '0', '0.00', '780000.00', '1', null, 'htn7rk6ha7is90h.jpg', '0', '0', '2015-06-10 04:32:06', '2015-06-11 02:37:11', '<table class=\"format_table\" style=\"border-collapse:collapse; border-spacing:0px; color:rgb(68, 68, 68) !important; font-family:segoe ui,tahoma,arial,helvetica,sans-serif !important; font-size:15px !important; line-height:20px; margin-bottom:10px !important; margin-top:10px !important; max-width:100%; width:852px\">\r\n	<tbody>\r\n		<tr>\r\n			<td style=\"vertical-align:text-top !important; width:120px !important\">&nbsp;Loại sản phẩm</td>\r\n			<td style=\"vertical-align:text-top !important; width:15px\">:</td>\r\n			<td style=\"text-align:justify !important; vertical-align:text-top !important\">K&iacute;nh mắt</td>\r\n		</tr>\r\n		<tr>\r\n			<td style=\"vertical-align:text-top !important; width:120px !important\">&nbsp;Nh&atilde;n hiệu</td>\r\n			<td style=\"vertical-align:text-top !important; width:15px\">:</td>\r\n			<td style=\"text-align:justify !important; vertical-align:text-top !important\">Thương hiệu nổi tiếng nước &Yacute;&nbsp;</td>\r\n		</tr>\r\n		<tr>\r\n			<td style=\"vertical-align:text-top !important; width:120px !important\">&nbsp;Model</td>\r\n			<td style=\"vertical-align:text-top !important; width:15px\">:</td>\r\n			<td style=\"text-align:justify !important; vertical-align:text-top !important\">RB01</td>\r\n		</tr>\r\n		<tr>\r\n			<td style=\"vertical-align:text-top !important; width:120px !important\">&nbsp;Đối tượng</td>\r\n			<td style=\"vertical-align:text-top !important; width:15px\">:</td>\r\n			<td style=\"text-align:justify !important; vertical-align:text-top !important\">Nam, Nữ</td>\r\n		</tr>\r\n		<tr>\r\n			<td style=\"vertical-align:text-top !important; width:120px !important\">&nbsp;Chất liệu</td>\r\n			<td style=\"vertical-align:text-top !important; width:15px\">:</td>\r\n			<td style=\"text-align:justify !important; vertical-align:text-top !important\">Mắt k&iacute;nh tr&aacute;ng gương cao cấp chống xước tốt. Gọng kim loại mạ v&agrave;ng bọc inon s&aacute;ng b&oacute;ng.</td>\r\n		</tr>\r\n		<tr>\r\n			<td style=\"vertical-align:text-top !important; width:120px !important\">&nbsp;M&agrave;u gọng k&iacute;nh</td>\r\n			<td style=\"vertical-align:text-top !important; width:15px\">:</td>\r\n			<td style=\"text-align:justify !important; vertical-align:text-top !important\">M&agrave;u v&agrave;ng sang trọng bọc mắt k&iacute;nh phản chiếu bền đẹp</td>\r\n		</tr>\r\n		<tr>\r\n			<td style=\"vertical-align:text-top !important; width:120px !important\">&nbsp;M&agrave;u mắt k&iacute;nh</td>\r\n			<td style=\"vertical-align:text-top !important; width:15px\">:</td>\r\n			<td style=\"text-align:justify !important; vertical-align:text-top !important\">Xanh l&aacute;, Xanh lam, Da cam</td>\r\n		</tr>\r\n		<tr>\r\n			<td style=\"vertical-align:text-top !important; width:120px !important\">&nbsp;Thiết kế</td>\r\n			<td style=\"vertical-align:text-top !important; width:15px\">:</td>\r\n			<td style=\"text-align:justify !important; vertical-align:text-top !important\">Mới lạ, độc đ&aacute;o, thời trang, v&agrave; sang trọng</td>\r\n		</tr>\r\n		<tr>\r\n			<td style=\"vertical-align:text-top !important; width:120px !important\">&nbsp;Kiểu d&aacute;ng</td>\r\n			<td style=\"vertical-align:text-top !important; width:15px\">:</td>\r\n			<td style=\"text-align:justify !important; vertical-align:text-top !important\">Mắt k&iacute;nh aviator thời trang &ocirc;m s&aacute;t kh&ocirc;n mặt</td>\r\n		</tr>\r\n		<tr>\r\n			<td style=\"vertical-align:text-top !important; width:120px !important\">&nbsp;Sản phẩm gồm</td>\r\n			<td style=\"vertical-align:text-top !important; width:15px\">:</td>\r\n			<td style=\"text-align:justify !important; vertical-align:text-top !important\">01 K&iacute;nh mắt thời trang cao cấp RB01 + 01 hộp đựng sản phẩm + bộ phụ kiện</td>\r\n		</tr>\r\n	</tbody>\r\n</table>\r\n', 'DR7', 'mat-kinh-thoi-trang-cao-cap-dior');
INSERT INTO `products` VALUES ('16', 'Mắt kinh thời trang cao cấp DR Venus', 'Kính mắt cao cấp DR02 với thiết kế mắt vuông cá tính chống tia UV gây hại, vừa bảo vệ an toàn cho đôi mắt, vừa mang lại vẻ cuốn hút cho cô gái ưa thích vẻ đẹp hiện đại và hài hòa.', 'Kính mắt thời trang nữ cao cấp DR04 thể hiện rõ nhất tinh thần thời trang đẳng cấp của thương hiệu thời trang Pháp. Gọng kính DR04 làm từ kim loại, mạ tĩnh điện có khả năng chống oxi hóa cao, hạn chế các tác động của muối trong mồ hôi, độ ẩm từ môi trường', '1', '0', '1000000.00', '800000.00', '1', null, 'xh0spehvoxc9mwz.jpg', '0', '0', '2015-06-10 04:40:04', '2015-06-11 02:37:01', '<table class=\"format_table\" style=\"border-collapse:collapse; border-spacing:0px; color:rgb(68, 68, 68) !important; font-family:segoe ui,tahoma,arial,helvetica,sans-serif !important; font-size:15px !important; line-height:20px; margin-bottom:10px !important; margin-top:10px !important; max-width:100%; width:852px\">\r\n	<tbody>\r\n		<tr>\r\n			<td style=\"vertical-align:text-top !important; width:120px !important\">&nbsp;Loại sản phẩm</td>\r\n			<td style=\"vertical-align:text-top !important; width:15px\">:</td>\r\n			<td style=\"text-align:justify !important; vertical-align:text-top !important\">K&iacute;nh mắt</td>\r\n		</tr>\r\n		<tr>\r\n			<td style=\"vertical-align:text-top !important; width:120px !important\">&nbsp;Nh&atilde;n hiệu</td>\r\n			<td style=\"vertical-align:text-top !important; width:15px\">:</td>\r\n			<td style=\"text-align:justify !important; vertical-align:text-top !important\">Thương hiệu nổi tiếng nước &Yacute;&nbsp;</td>\r\n		</tr>\r\n		<tr>\r\n			<td style=\"vertical-align:text-top !important; width:120px !important\">&nbsp;Model</td>\r\n			<td style=\"vertical-align:text-top !important; width:15px\">:</td>\r\n			<td style=\"text-align:justify !important; vertical-align:text-top !important\">RB01</td>\r\n		</tr>\r\n		<tr>\r\n			<td style=\"vertical-align:text-top !important; width:120px !important\">&nbsp;Đối tượng</td>\r\n			<td style=\"vertical-align:text-top !important; width:15px\">:</td>\r\n			<td style=\"text-align:justify !important; vertical-align:text-top !important\">Nam, Nữ</td>\r\n		</tr>\r\n		<tr>\r\n			<td style=\"vertical-align:text-top !important; width:120px !important\">&nbsp;Chất liệu</td>\r\n			<td style=\"vertical-align:text-top !important; width:15px\">:</td>\r\n			<td style=\"text-align:justify !important; vertical-align:text-top !important\">Mắt k&iacute;nh tr&aacute;ng gương cao cấp chống xước tốt. Gọng kim loại mạ v&agrave;ng bọc inon s&aacute;ng b&oacute;ng.</td>\r\n		</tr>\r\n		<tr>\r\n			<td style=\"vertical-align:text-top !important; width:120px !important\">&nbsp;M&agrave;u gọng k&iacute;nh</td>\r\n			<td style=\"vertical-align:text-top !important; width:15px\">:</td>\r\n			<td style=\"text-align:justify !important; vertical-align:text-top !important\">M&agrave;u v&agrave;ng sang trọng bọc mắt k&iacute;nh phản chiếu bền đẹp</td>\r\n		</tr>\r\n		<tr>\r\n			<td style=\"vertical-align:text-top !important; width:120px !important\">&nbsp;M&agrave;u mắt k&iacute;nh</td>\r\n			<td style=\"vertical-align:text-top !important; width:15px\">:</td>\r\n			<td style=\"text-align:justify !important; vertical-align:text-top !important\">Xanh l&aacute;, Xanh lam, Da cam</td>\r\n		</tr>\r\n		<tr>\r\n			<td style=\"vertical-align:text-top !important; width:120px !important\">&nbsp;Thiết kế</td>\r\n			<td style=\"vertical-align:text-top !important; width:15px\">:</td>\r\n			<td style=\"text-align:justify !important; vertical-align:text-top !important\">Mới lạ, độc đ&aacute;o, thời trang, v&agrave; sang trọng</td>\r\n		</tr>\r\n		<tr>\r\n			<td style=\"vertical-align:text-top !important; width:120px !important\">&nbsp;Kiểu d&aacute;ng</td>\r\n			<td style=\"vertical-align:text-top !important; width:15px\">:</td>\r\n			<td style=\"text-align:justify !important; vertical-align:text-top !important\">Mắt k&iacute;nh aviator thời trang &ocirc;m s&aacute;t kh&ocirc;n mặt</td>\r\n		</tr>\r\n		<tr>\r\n			<td style=\"vertical-align:text-top !important; width:120px !important\">&nbsp;Sản phẩm gồm</td>\r\n			<td style=\"vertical-align:text-top !important; width:15px\">:</td>\r\n			<td style=\"text-align:justify !important; vertical-align:text-top !important\">01 K&iacute;nh mắt thời trang cao cấp RB01 + 01 hộp đựng sản phẩm + bộ phụ kiện</td>\r\n		</tr>\r\n	</tbody>\r\n</table>\r\n', 'DR22', 'mat-kinh-thoi-trang-cao-cap-dr-venus');
INSERT INTO `products` VALUES ('17', 'Mắt kinh thời trang cao cấp Miu Miu Relax', 'Để hòa mình trong không khí sôi động và chan hòa ánh nắng của mùa Xuân/Hè 2014, Thời trang thế giới hân hạnh giới thiệu đến bạn sản phẩm kính mắt thời trang MM sành điệu đang được ưa chuộng nhất hiện nay. Kính mắt MM vừa đảm bảo về chất lượng, vừa thể hiệ', 'Kính mắt thời trang nữ cao cấp DR04 thể hiện rõ nhất tinh thần thời trang đẳng cấp của thương hiệu thời trang Pháp. Gọng kính DR04 làm từ kim loại, mạ tĩnh điện có khả năng chống oxi hóa cao, hạn chế các tác động của muối trong mồ hôi, độ ẩm từ môi trường', '1', '0', '1250000.00', '1000000.00', '1', null, 'jc3uh4dmxhrvbfd.jpg', '0', '0', '2015-06-10 04:42:33', '2015-06-11 02:36:55', '<table class=\"format_table\" style=\"border-collapse:collapse; border-spacing:0px; color:rgb(68, 68, 68) !important; font-family:segoe ui,tahoma,arial,helvetica,sans-serif !important; font-size:15px !important; line-height:20px; margin-bottom:10px !important; margin-top:10px !important; max-width:100%; width:852px\">\r\n	<tbody>\r\n		<tr>\r\n			<td style=\"vertical-align:text-top !important; width:120px !important\">&nbsp;Loại sản phẩm</td>\r\n			<td style=\"vertical-align:text-top !important; width:15px\">:</td>\r\n			<td style=\"text-align:justify !important; vertical-align:text-top !important\">K&iacute;nh mắt</td>\r\n		</tr>\r\n		<tr>\r\n			<td style=\"vertical-align:text-top !important; width:120px !important\">&nbsp;Nh&atilde;n hiệu</td>\r\n			<td style=\"vertical-align:text-top !important; width:15px\">:</td>\r\n			<td style=\"text-align:justify !important; vertical-align:text-top !important\">Thương hiệu nổi tiếng nước &Yacute;&nbsp;</td>\r\n		</tr>\r\n		<tr>\r\n			<td style=\"vertical-align:text-top !important; width:120px !important\">&nbsp;Model</td>\r\n			<td style=\"vertical-align:text-top !important; width:15px\">:</td>\r\n			<td style=\"text-align:justify !important; vertical-align:text-top !important\">RB01</td>\r\n		</tr>\r\n		<tr>\r\n			<td style=\"vertical-align:text-top !important; width:120px !important\">&nbsp;Đối tượng</td>\r\n			<td style=\"vertical-align:text-top !important; width:15px\">:</td>\r\n			<td style=\"text-align:justify !important; vertical-align:text-top !important\">Nam, Nữ</td>\r\n		</tr>\r\n		<tr>\r\n			<td style=\"vertical-align:text-top !important; width:120px !important\">&nbsp;Chất liệu</td>\r\n			<td style=\"vertical-align:text-top !important; width:15px\">:</td>\r\n			<td style=\"text-align:justify !important; vertical-align:text-top !important\">Mắt k&iacute;nh tr&aacute;ng gương cao cấp chống xước tốt. Gọng kim loại mạ v&agrave;ng bọc inon s&aacute;ng b&oacute;ng.</td>\r\n		</tr>\r\n		<tr>\r\n			<td style=\"vertical-align:text-top !important; width:120px !important\">&nbsp;M&agrave;u gọng k&iacute;nh</td>\r\n			<td style=\"vertical-align:text-top !important; width:15px\">:</td>\r\n			<td style=\"text-align:justify !important; vertical-align:text-top !important\">M&agrave;u v&agrave;ng sang trọng bọc mắt k&iacute;nh phản chiếu bền đẹp</td>\r\n		</tr>\r\n		<tr>\r\n			<td style=\"vertical-align:text-top !important; width:120px !important\">&nbsp;M&agrave;u mắt k&iacute;nh</td>\r\n			<td style=\"vertical-align:text-top !important; width:15px\">:</td>\r\n			<td style=\"text-align:justify !important; vertical-align:text-top !important\">Xanh l&aacute;, Xanh lam, Da cam</td>\r\n		</tr>\r\n		<tr>\r\n			<td style=\"vertical-align:text-top !important; width:120px !important\">&nbsp;Thiết kế</td>\r\n			<td style=\"vertical-align:text-top !important; width:15px\">:</td>\r\n			<td style=\"text-align:justify !important; vertical-align:text-top !important\">Mới lạ, độc đ&aacute;o, thời trang, v&agrave; sang trọng</td>\r\n		</tr>\r\n		<tr>\r\n			<td style=\"vertical-align:text-top !important; width:120px !important\">&nbsp;Kiểu d&aacute;ng</td>\r\n			<td style=\"vertical-align:text-top !important; width:15px\">:</td>\r\n			<td style=\"text-align:justify !important; vertical-align:text-top !important\">Mắt k&iacute;nh aviator thời trang &ocirc;m s&aacute;t kh&ocirc;n mặt</td>\r\n		</tr>\r\n		<tr>\r\n			<td style=\"vertical-align:text-top !important; width:120px !important\">&nbsp;Sản phẩm gồm</td>\r\n			<td style=\"vertical-align:text-top !important; width:15px\">:</td>\r\n			<td style=\"text-align:justify !important; vertical-align:text-top !important\">01 K&iacute;nh mắt thời trang cao cấp RB01 + 01 hộp đựng sản phẩm + bộ phụ kiện</td>\r\n		</tr>\r\n	</tbody>\r\n</table>\r\n', 'MM21', 'mat-kinh-thoi-trang-cao-cap-miu-miu-relax');
INSERT INTO `products` VALUES ('18', 'Mắt kính cao cấp MIUMIU Racer Vip', 'Đến từ thương hiệu thời trang nổi tiếng hàng đầu thế giới, được thiết kế nổi bật với gọng kính vuông cá tính tròng kính Polaroid chống chói, chống tia UV hại mắt, gọng kính bằng kim loại và nhựa cao cấp đàn hồi tạo cảm giác thoải mái cho người đeo. Kính m', 'Kính mắt thời trang nữ cao cấp DR04 thể hiện rõ nhất tinh thần thời trang đẳng cấp của thương hiệu thời trang Pháp. Gọng kính DR04 làm từ kim loại, mạ tĩnh điện có khả năng chống oxi hóa cao, hạn chế các tác động của muối trong mồ hôi, độ ẩm từ môi trường', '1', '0', '1300000.00', '1110000.00', '1', null, '22np5dlky4yfxc4.jpg', '0', '0', '2015-06-10 04:52:17', '2015-06-11 02:36:48', '<table class=\"format_table\" style=\"border-collapse:collapse; border-spacing:0px; color:rgb(68, 68, 68) !important; font-family:segoe ui,tahoma,arial,helvetica,sans-serif !important; font-size:15px !important; line-height:20px; margin-bottom:10px !important; margin-top:10px !important; max-width:100%; width:852px\">\r\n	<tbody>\r\n		<tr>\r\n			<td style=\"vertical-align:text-top !important; width:120px !important\">&nbsp;Loại sản phẩm</td>\r\n			<td style=\"vertical-align:text-top !important; width:15px\">:</td>\r\n			<td style=\"text-align:justify !important; vertical-align:text-top !important\">K&iacute;nh mắt</td>\r\n		</tr>\r\n		<tr>\r\n			<td style=\"vertical-align:text-top !important; width:120px !important\">&nbsp;Nh&atilde;n hiệu</td>\r\n			<td style=\"vertical-align:text-top !important; width:15px\">:</td>\r\n			<td style=\"text-align:justify !important; vertical-align:text-top !important\">Thương hiệu nổi tiếng nước &Yacute;&nbsp;</td>\r\n		</tr>\r\n		<tr>\r\n			<td style=\"vertical-align:text-top !important; width:120px !important\">&nbsp;Model</td>\r\n			<td style=\"vertical-align:text-top !important; width:15px\">:</td>\r\n			<td style=\"text-align:justify !important; vertical-align:text-top !important\">RB01</td>\r\n		</tr>\r\n		<tr>\r\n			<td style=\"vertical-align:text-top !important; width:120px !important\">&nbsp;Đối tượng</td>\r\n			<td style=\"vertical-align:text-top !important; width:15px\">:</td>\r\n			<td style=\"text-align:justify !important; vertical-align:text-top !important\">Nam, Nữ</td>\r\n		</tr>\r\n		<tr>\r\n			<td style=\"vertical-align:text-top !important; width:120px !important\">&nbsp;Chất liệu</td>\r\n			<td style=\"vertical-align:text-top !important; width:15px\">:</td>\r\n			<td style=\"text-align:justify !important; vertical-align:text-top !important\">Mắt k&iacute;nh tr&aacute;ng gương cao cấp chống xước tốt. Gọng kim loại mạ v&agrave;ng bọc inon s&aacute;ng b&oacute;ng.</td>\r\n		</tr>\r\n		<tr>\r\n			<td style=\"vertical-align:text-top !important; width:120px !important\">&nbsp;M&agrave;u gọng k&iacute;nh</td>\r\n			<td style=\"vertical-align:text-top !important; width:15px\">:</td>\r\n			<td style=\"text-align:justify !important; vertical-align:text-top !important\">M&agrave;u v&agrave;ng sang trọng bọc mắt k&iacute;nh phản chiếu bền đẹp</td>\r\n		</tr>\r\n		<tr>\r\n			<td style=\"vertical-align:text-top !important; width:120px !important\">&nbsp;M&agrave;u mắt k&iacute;nh</td>\r\n			<td style=\"vertical-align:text-top !important; width:15px\">:</td>\r\n			<td style=\"text-align:justify !important; vertical-align:text-top !important\">Xanh l&aacute;, Xanh lam, Da cam</td>\r\n		</tr>\r\n		<tr>\r\n			<td style=\"vertical-align:text-top !important; width:120px !important\">&nbsp;Thiết kế</td>\r\n			<td style=\"vertical-align:text-top !important; width:15px\">:</td>\r\n			<td style=\"text-align:justify !important; vertical-align:text-top !important\">Mới lạ, độc đ&aacute;o, thời trang, v&agrave; sang trọng</td>\r\n		</tr>\r\n		<tr>\r\n			<td style=\"vertical-align:text-top !important; width:120px !important\">&nbsp;Kiểu d&aacute;ng</td>\r\n			<td style=\"vertical-align:text-top !important; width:15px\">:</td>\r\n			<td style=\"text-align:justify !important; vertical-align:text-top !important\">Mắt k&iacute;nh aviator thời trang &ocirc;m s&aacute;t kh&ocirc;n mặt</td>\r\n		</tr>\r\n		<tr>\r\n			<td style=\"vertical-align:text-top !important; width:120px !important\">&nbsp;Sản phẩm gồm</td>\r\n			<td style=\"vertical-align:text-top !important; width:15px\">:</td>\r\n			<td style=\"text-align:justify !important; vertical-align:text-top !important\">01 K&iacute;nh mắt thời trang cao cấp RB01 + 01 hộp đựng sản phẩm + bộ phụ kiện</td>\r\n		</tr>\r\n	</tbody>\r\n</table>\r\n', 'MM44', 'mat-kinh-cao-cap-miumiu-racer-vip');
INSERT INTO `products` VALUES ('19', 'Kính thuốc cao cấp dành cho nữ', 'Kính mắt thuốc nữ thời trang cao cấp CN03 nổi bật với logo sang trọng cùng gọng kính được thiết kế cách điệu. Bảo vệ tốt nhất cho đôi mắt khi làm việc lâu trước máy tính, mang đến phong cách nổi bật, thu hút cho phái đẹp.', 'Kính mắt thời trang nữ cao cấp DR04 thể hiện rõ nhất tinh thần thời trang đẳng cấp của thương hiệu thời trang Pháp. Gọng kính DR04 làm từ kim loại, mạ tĩnh điện có khả năng chống oxi hóa cao, hạn chế các tác động của muối trong mồ hôi, độ ẩm từ môi trường', '1', '0', '500000.00', '450000.00', '0', null, '4nxtnbuzrpzw6lh.jpg', '0', '0', '2015-06-10 04:54:22', '2015-06-11 02:36:42', '<table class=\"format_table\" style=\"border-collapse:collapse; border-spacing:0px; color:rgb(68, 68, 68) !important; font-family:segoe ui,tahoma,arial,helvetica,sans-serif !important; font-size:15px !important; line-height:20px; margin-bottom:10px !important; margin-top:10px !important; max-width:100%; width:852px\">\r\n	<tbody>\r\n		<tr>\r\n			<td style=\"vertical-align:text-top !important; width:120px !important\">&nbsp;Loại sản phẩm</td>\r\n			<td style=\"vertical-align:text-top !important; width:15px\">:</td>\r\n			<td style=\"text-align:justify !important; vertical-align:text-top !important\">K&iacute;nh mắt</td>\r\n		</tr>\r\n		<tr>\r\n			<td style=\"vertical-align:text-top !important; width:120px !important\">&nbsp;Nh&atilde;n hiệu</td>\r\n			<td style=\"vertical-align:text-top !important; width:15px\">:</td>\r\n			<td style=\"text-align:justify !important; vertical-align:text-top !important\">Thương hiệu nổi tiếng nước &Yacute;&nbsp;</td>\r\n		</tr>\r\n		<tr>\r\n			<td style=\"vertical-align:text-top !important; width:120px !important\">&nbsp;Model</td>\r\n			<td style=\"vertical-align:text-top !important; width:15px\">:</td>\r\n			<td style=\"text-align:justify !important; vertical-align:text-top !important\">RB01</td>\r\n		</tr>\r\n		<tr>\r\n			<td style=\"vertical-align:text-top !important; width:120px !important\">&nbsp;Đối tượng</td>\r\n			<td style=\"vertical-align:text-top !important; width:15px\">:</td>\r\n			<td style=\"text-align:justify !important; vertical-align:text-top !important\">Nam, Nữ</td>\r\n		</tr>\r\n		<tr>\r\n			<td style=\"vertical-align:text-top !important; width:120px !important\">&nbsp;Chất liệu</td>\r\n			<td style=\"vertical-align:text-top !important; width:15px\">:</td>\r\n			<td style=\"text-align:justify !important; vertical-align:text-top !important\">Mắt k&iacute;nh tr&aacute;ng gương cao cấp chống xước tốt. Gọng kim loại mạ v&agrave;ng bọc inon s&aacute;ng b&oacute;ng.</td>\r\n		</tr>\r\n		<tr>\r\n			<td style=\"vertical-align:text-top !important; width:120px !important\">&nbsp;M&agrave;u gọng k&iacute;nh</td>\r\n			<td style=\"vertical-align:text-top !important; width:15px\">:</td>\r\n			<td style=\"text-align:justify !important; vertical-align:text-top !important\">M&agrave;u v&agrave;ng sang trọng bọc mắt k&iacute;nh phản chiếu bền đẹp</td>\r\n		</tr>\r\n		<tr>\r\n			<td style=\"vertical-align:text-top !important; width:120px !important\">&nbsp;M&agrave;u mắt k&iacute;nh</td>\r\n			<td style=\"vertical-align:text-top !important; width:15px\">:</td>\r\n			<td style=\"text-align:justify !important; vertical-align:text-top !important\">Xanh l&aacute;, Xanh lam, Da cam</td>\r\n		</tr>\r\n		<tr>\r\n			<td style=\"vertical-align:text-top !important; width:120px !important\">&nbsp;Thiết kế</td>\r\n			<td style=\"vertical-align:text-top !important; width:15px\">:</td>\r\n			<td style=\"text-align:justify !important; vertical-align:text-top !important\">Mới lạ, độc đ&aacute;o, thời trang, v&agrave; sang trọng</td>\r\n		</tr>\r\n		<tr>\r\n			<td style=\"vertical-align:text-top !important; width:120px !important\">&nbsp;Kiểu d&aacute;ng</td>\r\n			<td style=\"vertical-align:text-top !important; width:15px\">:</td>\r\n			<td style=\"text-align:justify !important; vertical-align:text-top !important\">Mắt k&iacute;nh aviator thời trang &ocirc;m s&aacute;t kh&ocirc;n mặt</td>\r\n		</tr>\r\n		<tr>\r\n			<td style=\"vertical-align:text-top !important; width:120px !important\">&nbsp;Sản phẩm gồm</td>\r\n			<td style=\"vertical-align:text-top !important; width:15px\">:</td>\r\n			<td style=\"text-align:justify !important; vertical-align:text-top !important\">01 K&iacute;nh mắt thời trang cao cấp RB01 + 01 hộp đựng sản phẩm + bộ phụ kiện</td>\r\n		</tr>\r\n	</tbody>\r\n</table>\r\n', 'KT11', 'kinh-thuoc-cao-cap-danh-cho-nu');
INSERT INTO `products` VALUES ('20', 'Mắt kính thời trang cao cấp Versace Linux', '', 'Kính mắt thời trang nữ cao cấp DR04 thể hiện rõ nhất tinh thần thời trang đẳng cấp của thương hiệu thời trang Pháp. Gọng kính DR04 làm từ kim loại, mạ tĩnh điện có khả năng chống oxi hóa cao, hạn chế các tác động của muối trong mồ hôi, độ ẩm từ môi trường', '1', '0', '0.00', '750000.00', '1', null, 'sclf0xd0dxgorbg.jpg', '0', '0', '2015-06-10 04:56:40', '2015-06-11 02:36:35', '<table class=\"format_table\" style=\"border-collapse:collapse; border-spacing:0px; color:rgb(68, 68, 68) !important; font-family:segoe ui,tahoma,arial,helvetica,sans-serif !important; font-size:15px !important; line-height:20px; margin-bottom:10px !important; margin-top:10px !important; max-width:100%; width:852px\">\r\n	<tbody>\r\n		<tr>\r\n			<td style=\"vertical-align:text-top !important; width:120px !important\">&nbsp;Loại sản phẩm</td>\r\n			<td style=\"vertical-align:text-top !important; width:15px\">:</td>\r\n			<td style=\"text-align:justify !important; vertical-align:text-top !important\">K&iacute;nh mắt</td>\r\n		</tr>\r\n		<tr>\r\n			<td style=\"vertical-align:text-top !important; width:120px !important\">&nbsp;Nh&atilde;n hiệu</td>\r\n			<td style=\"vertical-align:text-top !important; width:15px\">:</td>\r\n			<td style=\"text-align:justify !important; vertical-align:text-top !important\">Thương hiệu nổi tiếng nước &Yacute;&nbsp;</td>\r\n		</tr>\r\n		<tr>\r\n			<td style=\"vertical-align:text-top !important; width:120px !important\">&nbsp;Model</td>\r\n			<td style=\"vertical-align:text-top !important; width:15px\">:</td>\r\n			<td style=\"text-align:justify !important; vertical-align:text-top !important\">RB01</td>\r\n		</tr>\r\n		<tr>\r\n			<td style=\"vertical-align:text-top !important; width:120px !important\">&nbsp;Đối tượng</td>\r\n			<td style=\"vertical-align:text-top !important; width:15px\">:</td>\r\n			<td style=\"text-align:justify !important; vertical-align:text-top !important\">Nam, Nữ</td>\r\n		</tr>\r\n		<tr>\r\n			<td style=\"vertical-align:text-top !important; width:120px !important\">&nbsp;Chất liệu</td>\r\n			<td style=\"vertical-align:text-top !important; width:15px\">:</td>\r\n			<td style=\"text-align:justify !important; vertical-align:text-top !important\">Mắt k&iacute;nh tr&aacute;ng gương cao cấp chống xước tốt. Gọng kim loại mạ v&agrave;ng bọc inon s&aacute;ng b&oacute;ng.</td>\r\n		</tr>\r\n		<tr>\r\n			<td style=\"vertical-align:text-top !important; width:120px !important\">&nbsp;M&agrave;u gọng k&iacute;nh</td>\r\n			<td style=\"vertical-align:text-top !important; width:15px\">:</td>\r\n			<td style=\"text-align:justify !important; vertical-align:text-top !important\">M&agrave;u v&agrave;ng sang trọng bọc mắt k&iacute;nh phản chiếu bền đẹp</td>\r\n		</tr>\r\n		<tr>\r\n			<td style=\"vertical-align:text-top !important; width:120px !important\">&nbsp;M&agrave;u mắt k&iacute;nh</td>\r\n			<td style=\"vertical-align:text-top !important; width:15px\">:</td>\r\n			<td style=\"text-align:justify !important; vertical-align:text-top !important\">Xanh l&aacute;, Xanh lam, Da cam</td>\r\n		</tr>\r\n		<tr>\r\n			<td style=\"vertical-align:text-top !important; width:120px !important\">&nbsp;Thiết kế</td>\r\n			<td style=\"vertical-align:text-top !important; width:15px\">:</td>\r\n			<td style=\"text-align:justify !important; vertical-align:text-top !important\">Mới lạ, độc đ&aacute;o, thời trang, v&agrave; sang trọng</td>\r\n		</tr>\r\n		<tr>\r\n			<td style=\"vertical-align:text-top !important; width:120px !important\">&nbsp;Kiểu d&aacute;ng</td>\r\n			<td style=\"vertical-align:text-top !important; width:15px\">:</td>\r\n			<td style=\"text-align:justify !important; vertical-align:text-top !important\">Mắt k&iacute;nh aviator thời trang &ocirc;m s&aacute;t kh&ocirc;n mặt</td>\r\n		</tr>\r\n		<tr>\r\n			<td style=\"vertical-align:text-top !important; width:120px !important\">&nbsp;Sản phẩm gồm</td>\r\n			<td style=\"vertical-align:text-top !important; width:15px\">:</td>\r\n			<td style=\"text-align:justify !important; vertical-align:text-top !important\">01 K&iacute;nh mắt thời trang cao cấp RB01 + 01 hộp đựng sản phẩm + bộ phụ kiện</td>\r\n		</tr>\r\n	</tbody>\r\n</table>\r\n', 'SC12', 'mat-kinh-thoi-trang-cao-cap-versace-linux');
INSERT INTO `products` VALUES ('21', 'Mắt kính cao cấp Luivoston LV', 'Là một trong những phụ kiện \"phải có\" của các \"tín đồ\" thời trang chiếc kính mắt LV04 được làm từ những chất liệu cao cấp, nhựa dẻo và kim loại mạ vàng cùng kiểu dáng sang trọng , bạn sẽ trở thành một cô nàng sành điệu và cá tính hơn bao giờ hết', 'Kính mắt thời trang nữ cao cấp DR04 thể hiện rõ nhất tinh thần thời trang đẳng cấp của thương hiệu thời trang Pháp. Gọng kính DR04 làm từ kim loại, mạ tĩnh điện có khả năng chống oxi hóa cao, hạn chế các tác động của muối trong mồ hôi, độ ẩm từ môi trường', '1', '0', '1350000.00', '1200000.00', '1', null, 'jspwy5ma3cjcrwf.jpg', '0', '0', '2015-06-10 06:29:04', '2015-06-11 02:36:29', '<table class=\"format_table\" style=\"border-collapse:collapse; border-spacing:0px; color:rgb(68, 68, 68) !important; font-family:segoe ui,tahoma,arial,helvetica,sans-serif !important; font-size:15px !important; line-height:20px; margin-bottom:10px !important; margin-top:10px !important; max-width:100%; width:852px\">\r\n	<tbody>\r\n		<tr>\r\n			<td style=\"vertical-align:text-top !important; width:120px !important\">&nbsp;Loại sản phẩm</td>\r\n			<td style=\"vertical-align:text-top !important; width:15px\">:</td>\r\n			<td style=\"text-align:justify !important; vertical-align:text-top !important\">K&iacute;nh mắt</td>\r\n		</tr>\r\n		<tr>\r\n			<td style=\"vertical-align:text-top !important; width:120px !important\">&nbsp;Nh&atilde;n hiệu</td>\r\n			<td style=\"vertical-align:text-top !important; width:15px\">:</td>\r\n			<td style=\"text-align:justify !important; vertical-align:text-top !important\">Thương hiệu nổi tiếng nước &Yacute;&nbsp;</td>\r\n		</tr>\r\n		<tr>\r\n			<td style=\"vertical-align:text-top !important; width:120px !important\">&nbsp;Model</td>\r\n			<td style=\"vertical-align:text-top !important; width:15px\">:</td>\r\n			<td style=\"text-align:justify !important; vertical-align:text-top !important\">RB01</td>\r\n		</tr>\r\n		<tr>\r\n			<td style=\"vertical-align:text-top !important; width:120px !important\">&nbsp;Đối tượng</td>\r\n			<td style=\"vertical-align:text-top !important; width:15px\">:</td>\r\n			<td style=\"text-align:justify !important; vertical-align:text-top !important\">Nam, Nữ</td>\r\n		</tr>\r\n		<tr>\r\n			<td style=\"vertical-align:text-top !important; width:120px !important\">&nbsp;Chất liệu</td>\r\n			<td style=\"vertical-align:text-top !important; width:15px\">:</td>\r\n			<td style=\"text-align:justify !important; vertical-align:text-top !important\">Mắt k&iacute;nh tr&aacute;ng gương cao cấp chống xước tốt. Gọng kim loại mạ v&agrave;ng bọc inon s&aacute;ng b&oacute;ng.</td>\r\n		</tr>\r\n		<tr>\r\n			<td style=\"vertical-align:text-top !important; width:120px !important\">&nbsp;M&agrave;u gọng k&iacute;nh</td>\r\n			<td style=\"vertical-align:text-top !important; width:15px\">:</td>\r\n			<td style=\"text-align:justify !important; vertical-align:text-top !important\">M&agrave;u v&agrave;ng sang trọng bọc mắt k&iacute;nh phản chiếu bền đẹp</td>\r\n		</tr>\r\n		<tr>\r\n			<td style=\"vertical-align:text-top !important; width:120px !important\">&nbsp;M&agrave;u mắt k&iacute;nh</td>\r\n			<td style=\"vertical-align:text-top !important; width:15px\">:</td>\r\n			<td style=\"text-align:justify !important; vertical-align:text-top !important\">Xanh l&aacute;, Xanh lam, Da cam</td>\r\n		</tr>\r\n		<tr>\r\n			<td style=\"vertical-align:text-top !important; width:120px !important\">&nbsp;Thiết kế</td>\r\n			<td style=\"vertical-align:text-top !important; width:15px\">:</td>\r\n			<td style=\"text-align:justify !important; vertical-align:text-top !important\">Mới lạ, độc đ&aacute;o, thời trang, v&agrave; sang trọng</td>\r\n		</tr>\r\n		<tr>\r\n			<td style=\"vertical-align:text-top !important; width:120px !important\">&nbsp;Kiểu d&aacute;ng</td>\r\n			<td style=\"vertical-align:text-top !important; width:15px\">:</td>\r\n			<td style=\"text-align:justify !important; vertical-align:text-top !important\">Mắt k&iacute;nh aviator thời trang &ocirc;m s&aacute;t kh&ocirc;n mặt</td>\r\n		</tr>\r\n		<tr>\r\n			<td style=\"vertical-align:text-top !important; width:120px !important\">&nbsp;Sản phẩm gồm</td>\r\n			<td style=\"vertical-align:text-top !important; width:15px\">:</td>\r\n			<td style=\"text-align:justify !important; vertical-align:text-top !important\">01 K&iacute;nh mắt thời trang cao cấp RB01 + 01 hộp đựng sản phẩm + bộ phụ kiện</td>\r\n		</tr>\r\n	</tbody>\r\n</table>\r\n', 'LV33', 'mat-kinh-cao-cap-luivoston-lv');
INSERT INTO `products` VALUES ('22', 'Mắt kính nữ cao cấp CT UV Protect', 'Gọng kính mắt CT02 được làm bằng hợp kim chắc chắn, mạ tĩnh điện có khả năng chống oxi hóa cao, hạn chế các tác động của muối trong mồ hôi, độ ẩm từ môi trường. Chi tiết đầu báo một biểu tượng của thương hiệu được nạm đá tỉ mỉ tạo điểm nhấn thu hút mọi án', 'Kính mắt thời trang nữ cao cấp DR04 thể hiện rõ nhất tinh thần thời trang đẳng cấp của thương hiệu thời trang Pháp. Gọng kính DR04 làm từ kim loại, mạ tĩnh điện có khả năng chống oxi hóa cao, hạn chế các tác động của muối trong mồ hôi, độ ẩm từ môi trường', '1', '0', '650000.00', '560000.00', '1', null, '9ffwslgvfhek2pm.jpg', '0', '0', '2015-06-10 06:36:29', '2015-06-11 02:36:23', '<table class=\"format_table\" style=\"border-collapse:collapse; border-spacing:0px; color:rgb(68, 68, 68) !important; font-family:segoe ui,tahoma,arial,helvetica,sans-serif !important; font-size:15px !important; line-height:20px; margin-bottom:10px !important; margin-top:10px !important; max-width:100%; width:852px\">\r\n	<tbody>\r\n		<tr>\r\n			<td style=\"vertical-align:text-top !important; width:120px !important\">&nbsp;Loại sản phẩm</td>\r\n			<td style=\"vertical-align:text-top !important; width:15px\">:</td>\r\n			<td style=\"text-align:justify !important; vertical-align:text-top !important\">K&iacute;nh mắt</td>\r\n		</tr>\r\n		<tr>\r\n			<td style=\"vertical-align:text-top !important; width:120px !important\">&nbsp;Nh&atilde;n hiệu</td>\r\n			<td style=\"vertical-align:text-top !important; width:15px\">:</td>\r\n			<td style=\"text-align:justify !important; vertical-align:text-top !important\">Thương hiệu nổi tiếng nước &Yacute;&nbsp;</td>\r\n		</tr>\r\n		<tr>\r\n			<td style=\"vertical-align:text-top !important; width:120px !important\">&nbsp;Model</td>\r\n			<td style=\"vertical-align:text-top !important; width:15px\">:</td>\r\n			<td style=\"text-align:justify !important; vertical-align:text-top !important\">RB01</td>\r\n		</tr>\r\n		<tr>\r\n			<td style=\"vertical-align:text-top !important; width:120px !important\">&nbsp;Đối tượng</td>\r\n			<td style=\"vertical-align:text-top !important; width:15px\">:</td>\r\n			<td style=\"text-align:justify !important; vertical-align:text-top !important\">Nam, Nữ</td>\r\n		</tr>\r\n		<tr>\r\n			<td style=\"vertical-align:text-top !important; width:120px !important\">&nbsp;Chất liệu</td>\r\n			<td style=\"vertical-align:text-top !important; width:15px\">:</td>\r\n			<td style=\"text-align:justify !important; vertical-align:text-top !important\">Mắt k&iacute;nh tr&aacute;ng gương cao cấp chống xước tốt. Gọng kim loại mạ v&agrave;ng bọc inon s&aacute;ng b&oacute;ng.</td>\r\n		</tr>\r\n		<tr>\r\n			<td style=\"vertical-align:text-top !important; width:120px !important\">&nbsp;M&agrave;u gọng k&iacute;nh</td>\r\n			<td style=\"vertical-align:text-top !important; width:15px\">:</td>\r\n			<td style=\"text-align:justify !important; vertical-align:text-top !important\">M&agrave;u v&agrave;ng sang trọng bọc mắt k&iacute;nh phản chiếu bền đẹp</td>\r\n		</tr>\r\n		<tr>\r\n			<td style=\"vertical-align:text-top !important; width:120px !important\">&nbsp;M&agrave;u mắt k&iacute;nh</td>\r\n			<td style=\"vertical-align:text-top !important; width:15px\">:</td>\r\n			<td style=\"text-align:justify !important; vertical-align:text-top !important\">Xanh l&aacute;, Xanh lam, Da cam</td>\r\n		</tr>\r\n		<tr>\r\n			<td style=\"vertical-align:text-top !important; width:120px !important\">&nbsp;Thiết kế</td>\r\n			<td style=\"vertical-align:text-top !important; width:15px\">:</td>\r\n			<td style=\"text-align:justify !important; vertical-align:text-top !important\">Mới lạ, độc đ&aacute;o, thời trang, v&agrave; sang trọng</td>\r\n		</tr>\r\n		<tr>\r\n			<td style=\"vertical-align:text-top !important; width:120px !important\">&nbsp;Kiểu d&aacute;ng</td>\r\n			<td style=\"vertical-align:text-top !important; width:15px\">:</td>\r\n			<td style=\"text-align:justify !important; vertical-align:text-top !important\">Mắt k&iacute;nh aviator thời trang &ocirc;m s&aacute;t kh&ocirc;n mặt</td>\r\n		</tr>\r\n		<tr>\r\n			<td style=\"vertical-align:text-top !important; width:120px !important\">&nbsp;Sản phẩm gồm</td>\r\n			<td style=\"vertical-align:text-top !important; width:15px\">:</td>\r\n			<td style=\"text-align:justify !important; vertical-align:text-top !important\">01 K&iacute;nh mắt thời trang cao cấp RB01 + 01 hộp đựng sản phẩm + bộ phụ kiện</td>\r\n		</tr>\r\n	</tbody>\r\n</table>\r\n', 'CC33', 'mat-kinh-nu-cao-cap-ct-uv-protect');
INSERT INTO `products` VALUES ('23', 'Mắt kính cao cấp RayBan Aviator', 'Kính mắt nam cao cấp RB01: Gọng kính làm bằng kim loại mạ vàng bọc inon sáng bóng,siêu nhẹ, siêu bền kết hợp tròng kính phân cực chống tia UV, ngăn chặn ánh sáng chói thích hợp cho các bạn sử dụng khi lái xe, chơi thể thao, du lịch…mang đến phong cách trẻ', 'Kính mắt thời trang nữ cao cấp DR04 thể hiện rõ nhất tinh thần thời trang đẳng cấp của thương hiệu thời trang Pháp. Gọng kính DR04 làm từ kim loại, mạ tĩnh điện có khả năng chống oxi hóa cao, hạn chế các tác động của muối trong mồ hôi, độ ẩm từ môi trường', '1', '0', '550000.00', '450000.00', '1', null, 'tly0j6avrbxxs3w.jpg', '0', '0', '2015-06-10 06:43:18', '2015-06-11 02:34:45', '<table class=\"format_table\" style=\"border-collapse:collapse; border-spacing:0px; color:rgb(68, 68, 68) !important; font-family:segoe ui,tahoma,arial,helvetica,sans-serif !important; font-size:15px !important; line-height:20px; margin-bottom:10px !important; margin-top:10px !important; max-width:100%; width:852px\">\r\n	<tbody>\r\n		<tr>\r\n			<td style=\"vertical-align:text-top !important; width:120px !important\">&nbsp;Loại sản phẩm</td>\r\n			<td style=\"vertical-align:text-top !important; width:15px\">:</td>\r\n			<td style=\"text-align:justify !important; vertical-align:text-top !important\">K&iacute;nh mắt</td>\r\n		</tr>\r\n		<tr>\r\n			<td style=\"vertical-align:text-top !important; width:120px !important\">&nbsp;Nh&atilde;n hiệu</td>\r\n			<td style=\"vertical-align:text-top !important; width:15px\">:</td>\r\n			<td style=\"text-align:justify !important; vertical-align:text-top !important\">Thương hiệu nổi tiếng nước &Yacute;&nbsp;</td>\r\n		</tr>\r\n		<tr>\r\n			<td style=\"vertical-align:text-top !important; width:120px !important\">&nbsp;Model</td>\r\n			<td style=\"vertical-align:text-top !important; width:15px\">:</td>\r\n			<td style=\"text-align:justify !important; vertical-align:text-top !important\">RB01</td>\r\n		</tr>\r\n		<tr>\r\n			<td style=\"vertical-align:text-top !important; width:120px !important\">&nbsp;Đối tượng</td>\r\n			<td style=\"vertical-align:text-top !important; width:15px\">:</td>\r\n			<td style=\"text-align:justify !important; vertical-align:text-top !important\">Nam, Nữ</td>\r\n		</tr>\r\n		<tr>\r\n			<td style=\"vertical-align:text-top !important; width:120px !important\">&nbsp;Chất liệu</td>\r\n			<td style=\"vertical-align:text-top !important; width:15px\">:</td>\r\n			<td style=\"text-align:justify !important; vertical-align:text-top !important\">Mắt k&iacute;nh tr&aacute;ng gương cao cấp chống xước tốt. Gọng kim loại mạ v&agrave;ng bọc inon s&aacute;ng b&oacute;ng.</td>\r\n		</tr>\r\n		<tr>\r\n			<td style=\"vertical-align:text-top !important; width:120px !important\">&nbsp;M&agrave;u gọng k&iacute;nh</td>\r\n			<td style=\"vertical-align:text-top !important; width:15px\">:</td>\r\n			<td style=\"text-align:justify !important; vertical-align:text-top !important\">M&agrave;u v&agrave;ng sang trọng bọc mắt k&iacute;nh phản chiếu bền đẹp</td>\r\n		</tr>\r\n		<tr>\r\n			<td style=\"vertical-align:text-top !important; width:120px !important\">&nbsp;M&agrave;u mắt k&iacute;nh</td>\r\n			<td style=\"vertical-align:text-top !important; width:15px\">:</td>\r\n			<td style=\"text-align:justify !important; vertical-align:text-top !important\">Xanh l&aacute;, Xanh lam, Da cam</td>\r\n		</tr>\r\n		<tr>\r\n			<td style=\"vertical-align:text-top !important; width:120px !important\">&nbsp;Thiết kế</td>\r\n			<td style=\"vertical-align:text-top !important; width:15px\">:</td>\r\n			<td style=\"text-align:justify !important; vertical-align:text-top !important\">Mới lạ, độc đ&aacute;o, thời trang, v&agrave; sang trọng</td>\r\n		</tr>\r\n		<tr>\r\n			<td style=\"vertical-align:text-top !important; width:120px !important\">&nbsp;Kiểu d&aacute;ng</td>\r\n			<td style=\"vertical-align:text-top !important; width:15px\">:</td>\r\n			<td style=\"text-align:justify !important; vertical-align:text-top !important\">Mắt k&iacute;nh aviator thời trang &ocirc;m s&aacute;t kh&ocirc;n mặt</td>\r\n		</tr>\r\n		<tr>\r\n			<td style=\"vertical-align:text-top !important; width:120px !important\">&nbsp;Sản phẩm gồm</td>\r\n			<td style=\"vertical-align:text-top !important; width:15px\">:</td>\r\n			<td style=\"text-align:justify !important; vertical-align:text-top !important\">01 K&iacute;nh mắt thời trang cao cấp RB01 + 01 hộp đựng sản phẩm + bộ phụ kiện</td>\r\n		</tr>\r\n	</tbody>\r\n</table>\r\n', 'RB11', 'mat-kinh-cao-cap-rayban-aviator');

-- ----------------------------
-- Table structure for product_category
-- ----------------------------
DROP TABLE IF EXISTS `product_category`;
CREATE TABLE `product_category` (
  `id` int(10) unsigned NOT NULL AUTO_INCREMENT,
  `product_id` int(11) NOT NULL,
  `category_id` int(11) NOT NULL,
  `created_at` timestamp NOT NULL DEFAULT '0000-00-00 00:00:00',
  `updated_at` timestamp NOT NULL DEFAULT '0000-00-00 00:00:00',
  PRIMARY KEY (`id`)
) ENGINE=InnoDB AUTO_INCREMENT=23 DEFAULT CHARSET=utf8 COLLATE=utf8_unicode_ci;

-- ----------------------------
-- Records of product_category
-- ----------------------------
INSERT INTO `product_category` VALUES ('1', '1', '12', '2015-06-01 03:08:49', '2015-06-01 03:08:49');
INSERT INTO `product_category` VALUES ('4', '5', '17', '2015-06-01 03:26:02', '2015-06-01 03:26:02');
INSERT INTO `product_category` VALUES ('5', '6', '17', '2015-06-01 03:26:23', '2015-06-01 03:26:23');
INSERT INTO `product_category` VALUES ('6', '7', '12', '2015-06-01 03:26:35', '2015-06-01 03:26:35');
INSERT INTO `product_category` VALUES ('7', '8', '12', '2015-06-01 03:26:40', '2015-06-01 03:26:40');
INSERT INTO `product_category` VALUES ('8', '9', '12', '2015-06-01 03:26:44', '2015-06-01 03:26:44');
INSERT INTO `product_category` VALUES ('9', '10', '12', '2015-06-01 03:26:49', '2015-06-01 03:26:49');
INSERT INTO `product_category` VALUES ('10', '3', '13', '2015-06-01 03:34:27', '2015-06-01 03:34:27');
INSERT INTO `product_category` VALUES ('11', '11', '17', '2015-06-05 07:59:55', '2015-06-05 07:59:55');
INSERT INTO `product_category` VALUES ('12', '12', '12', '2015-06-10 03:11:42', '2015-06-10 03:11:42');
INSERT INTO `product_category` VALUES ('13', '13', '12', '2015-06-10 03:31:57', '2015-06-10 03:31:57');
INSERT INTO `product_category` VALUES ('14', '14', '12', '2015-06-10 04:12:51', '2015-06-10 04:12:51');
INSERT INTO `product_category` VALUES ('15', '15', '12', '2015-06-10 04:32:07', '2015-06-10 04:32:07');
INSERT INTO `product_category` VALUES ('16', '16', '12', '2015-06-10 04:40:05', '2015-06-10 04:40:05');
INSERT INTO `product_category` VALUES ('17', '17', '12', '2015-06-10 04:42:33', '2015-06-10 04:42:33');
INSERT INTO `product_category` VALUES ('18', '18', '12', '2015-06-10 04:52:18', '2015-06-10 04:52:18');
INSERT INTO `product_category` VALUES ('19', '19', '12', '2015-06-10 04:54:23', '2015-06-10 04:54:23');
INSERT INTO `product_category` VALUES ('20', '20', '12', '2015-06-10 04:56:41', '2015-06-10 04:56:41');
INSERT INTO `product_category` VALUES ('21', '21', '12', '2015-06-10 06:29:05', '2015-06-10 06:29:05');
INSERT INTO `product_category` VALUES ('22', '22', '12', '2015-06-10 06:36:30', '2015-06-10 06:36:30');

-- ----------------------------
-- Table structure for product_coupon
-- ----------------------------
DROP TABLE IF EXISTS `product_coupon`;
CREATE TABLE `product_coupon` (
  `id` int(10) unsigned NOT NULL AUTO_INCREMENT,
  `product_id` int(11) NOT NULL,
  `coupon_id` int(11) NOT NULL,
  `created_at` timestamp NOT NULL DEFAULT '0000-00-00 00:00:00',
  `updated_at` timestamp NOT NULL DEFAULT '0000-00-00 00:00:00',
  PRIMARY KEY (`id`)
) ENGINE=InnoDB DEFAULT CHARSET=utf8 COLLATE=utf8_unicode_ci;

-- ----------------------------
-- Records of product_coupon
-- ----------------------------

-- ----------------------------
-- Table structure for product_image
-- ----------------------------
DROP TABLE IF EXISTS `product_image`;
CREATE TABLE `product_image` (
  `id` int(10) unsigned NOT NULL AUTO_INCREMENT,
  `product_id` int(11) NOT NULL,
  `image_id` int(11) NOT NULL,
  `created_at` timestamp NOT NULL DEFAULT '0000-00-00 00:00:00',
  `updated_at` timestamp NOT NULL DEFAULT '0000-00-00 00:00:00',
  PRIMARY KEY (`id`)
) ENGINE=InnoDB AUTO_INCREMENT=95 DEFAULT CHARSET=utf8 COLLATE=utf8_unicode_ci;

-- ----------------------------
-- Records of product_image
-- ----------------------------
INSERT INTO `product_image` VALUES ('1', '1', '1', '2015-06-01 03:08:48', '2015-06-01 03:08:48');
INSERT INTO `product_image` VALUES ('2', '1', '2', '2015-06-01 03:08:48', '2015-06-01 03:08:48');
INSERT INTO `product_image` VALUES ('3', '1', '3', '2015-06-01 03:08:49', '2015-06-01 03:08:49');
INSERT INTO `product_image` VALUES ('4', '1', '4', '2015-06-01 03:08:49', '2015-06-01 03:08:49');
INSERT INTO `product_image` VALUES ('5', '1', '5', '2015-06-01 03:08:49', '2015-06-01 03:08:49');
INSERT INTO `product_image` VALUES ('6', '2', '6', '2015-06-01 03:15:35', '2015-06-01 03:15:35');
INSERT INTO `product_image` VALUES ('7', '2', '7', '2015-06-01 03:15:35', '2015-06-01 03:15:35');
INSERT INTO `product_image` VALUES ('8', '2', '8', '2015-06-01 03:15:35', '2015-06-01 03:15:35');
INSERT INTO `product_image` VALUES ('9', '2', '9', '2015-06-01 03:15:35', '2015-06-01 03:15:35');
INSERT INTO `product_image` VALUES ('10', '2', '10', '2015-06-01 03:15:35', '2015-06-01 03:15:35');
INSERT INTO `product_image` VALUES ('11', '2', '11', '2015-06-01 03:15:35', '2015-06-01 03:15:35');
INSERT INTO `product_image` VALUES ('12', '9', '12', '2015-06-05 06:45:10', '2015-06-05 06:45:10');
INSERT INTO `product_image` VALUES ('13', '9', '13', '2015-06-05 06:45:11', '2015-06-05 06:45:11');
INSERT INTO `product_image` VALUES ('14', '9', '14', '2015-06-05 06:45:11', '2015-06-05 06:45:11');
INSERT INTO `product_image` VALUES ('15', '9', '15', '2015-06-05 06:45:11', '2015-06-05 06:45:11');
INSERT INTO `product_image` VALUES ('16', '11', '16', '2015-06-05 07:59:54', '2015-06-05 07:59:54');
INSERT INTO `product_image` VALUES ('17', '11', '17', '2015-06-05 07:59:55', '2015-06-05 07:59:55');
INSERT INTO `product_image` VALUES ('18', '11', '18', '2015-06-05 07:59:55', '2015-06-05 07:59:55');
INSERT INTO `product_image` VALUES ('19', '11', '19', '2015-06-05 07:59:55', '2015-06-05 07:59:55');
INSERT INTO `product_image` VALUES ('20', '12', '20', '2015-06-10 03:11:42', '2015-06-10 03:11:42');
INSERT INTO `product_image` VALUES ('21', '12', '21', '2015-06-10 03:11:42', '2015-06-10 03:11:42');
INSERT INTO `product_image` VALUES ('22', '12', '22', '2015-06-10 03:11:42', '2015-06-10 03:11:42');
INSERT INTO `product_image` VALUES ('23', '12', '23', '2015-06-10 03:11:42', '2015-06-10 03:11:42');
INSERT INTO `product_image` VALUES ('24', '13', '24', '2015-06-10 03:31:57', '2015-06-10 03:31:57');
INSERT INTO `product_image` VALUES ('25', '13', '25', '2015-06-10 03:31:57', '2015-06-10 03:31:57');
INSERT INTO `product_image` VALUES ('26', '13', '26', '2015-06-10 03:31:57', '2015-06-10 03:31:57');
INSERT INTO `product_image` VALUES ('27', '13', '27', '2015-06-10 03:31:57', '2015-06-10 03:31:57');
INSERT INTO `product_image` VALUES ('28', '14', '28', '2015-06-10 04:12:50', '2015-06-10 04:12:50');
INSERT INTO `product_image` VALUES ('29', '14', '29', '2015-06-10 04:12:50', '2015-06-10 04:12:50');
INSERT INTO `product_image` VALUES ('30', '14', '30', '2015-06-10 04:12:51', '2015-06-10 04:12:51');
INSERT INTO `product_image` VALUES ('31', '14', '31', '2015-06-10 04:12:51', '2015-06-10 04:12:51');
INSERT INTO `product_image` VALUES ('32', '14', '32', '2015-06-10 04:12:51', '2015-06-10 04:12:51');
INSERT INTO `product_image` VALUES ('33', '14', '33', '2015-06-10 04:12:51', '2015-06-10 04:12:51');
INSERT INTO `product_image` VALUES ('34', '15', '34', '2015-06-10 04:32:06', '2015-06-10 04:32:06');
INSERT INTO `product_image` VALUES ('35', '15', '35', '2015-06-10 04:32:06', '2015-06-10 04:32:06');
INSERT INTO `product_image` VALUES ('36', '15', '36', '2015-06-10 04:32:07', '2015-06-10 04:32:07');
INSERT INTO `product_image` VALUES ('37', '15', '37', '2015-06-10 04:32:07', '2015-06-10 04:32:07');
INSERT INTO `product_image` VALUES ('38', '15', '38', '2015-06-10 04:32:07', '2015-06-10 04:32:07');
INSERT INTO `product_image` VALUES ('39', '15', '39', '2015-06-10 04:32:07', '2015-06-10 04:32:07');
INSERT INTO `product_image` VALUES ('40', '16', '40', '2015-06-10 04:40:04', '2015-06-10 04:40:04');
INSERT INTO `product_image` VALUES ('41', '16', '41', '2015-06-10 04:40:04', '2015-06-10 04:40:04');
INSERT INTO `product_image` VALUES ('42', '16', '42', '2015-06-10 04:40:04', '2015-06-10 04:40:04');
INSERT INTO `product_image` VALUES ('43', '16', '43', '2015-06-10 04:40:04', '2015-06-10 04:40:04');
INSERT INTO `product_image` VALUES ('44', '16', '44', '2015-06-10 04:40:04', '2015-06-10 04:40:04');
INSERT INTO `product_image` VALUES ('45', '16', '45', '2015-06-10 04:40:05', '2015-06-10 04:40:05');
INSERT INTO `product_image` VALUES ('46', '17', '46', '2015-06-10 04:42:33', '2015-06-10 04:42:33');
INSERT INTO `product_image` VALUES ('47', '17', '47', '2015-06-10 04:42:33', '2015-06-10 04:42:33');
INSERT INTO `product_image` VALUES ('48', '17', '48', '2015-06-10 04:42:33', '2015-06-10 04:42:33');
INSERT INTO `product_image` VALUES ('49', '17', '49', '2015-06-10 04:42:33', '2015-06-10 04:42:33');
INSERT INTO `product_image` VALUES ('50', '17', '50', '2015-06-10 04:42:33', '2015-06-10 04:42:33');
INSERT INTO `product_image` VALUES ('51', '17', '51', '2015-06-10 04:42:33', '2015-06-10 04:42:33');
INSERT INTO `product_image` VALUES ('52', '17', '52', '2015-06-10 04:42:33', '2015-06-10 04:42:33');
INSERT INTO `product_image` VALUES ('53', '18', '53', '2015-06-10 04:52:18', '2015-06-10 04:52:18');
INSERT INTO `product_image` VALUES ('54', '18', '54', '2015-06-10 04:52:18', '2015-06-10 04:52:18');
INSERT INTO `product_image` VALUES ('55', '18', '55', '2015-06-10 04:52:18', '2015-06-10 04:52:18');
INSERT INTO `product_image` VALUES ('56', '18', '56', '2015-06-10 04:52:18', '2015-06-10 04:52:18');
INSERT INTO `product_image` VALUES ('57', '18', '57', '2015-06-10 04:52:18', '2015-06-10 04:52:18');
INSERT INTO `product_image` VALUES ('58', '18', '58', '2015-06-10 04:52:18', '2015-06-10 04:52:18');
INSERT INTO `product_image` VALUES ('59', '18', '59', '2015-06-10 04:52:18', '2015-06-10 04:52:18');
INSERT INTO `product_image` VALUES ('60', '19', '60', '2015-06-10 04:54:22', '2015-06-10 04:54:22');
INSERT INTO `product_image` VALUES ('61', '19', '61', '2015-06-10 04:54:22', '2015-06-10 04:54:22');
INSERT INTO `product_image` VALUES ('62', '19', '62', '2015-06-10 04:54:23', '2015-06-10 04:54:23');
INSERT INTO `product_image` VALUES ('63', '19', '63', '2015-06-10 04:54:23', '2015-06-10 04:54:23');
INSERT INTO `product_image` VALUES ('64', '19', '64', '2015-06-10 04:54:23', '2015-06-10 04:54:23');
INSERT INTO `product_image` VALUES ('65', '19', '65', '2015-06-10 04:54:23', '2015-06-10 04:54:23');
INSERT INTO `product_image` VALUES ('66', '19', '66', '2015-06-10 04:54:23', '2015-06-10 04:54:23');
INSERT INTO `product_image` VALUES ('67', '19', '67', '2015-06-10 04:54:23', '2015-06-10 04:54:23');
INSERT INTO `product_image` VALUES ('68', '20', '68', '2015-06-10 04:56:40', '2015-06-10 04:56:40');
INSERT INTO `product_image` VALUES ('69', '20', '69', '2015-06-10 04:56:40', '2015-06-10 04:56:40');
INSERT INTO `product_image` VALUES ('70', '20', '70', '2015-06-10 04:56:40', '2015-06-10 04:56:40');
INSERT INTO `product_image` VALUES ('71', '20', '71', '2015-06-10 04:56:41', '2015-06-10 04:56:41');
INSERT INTO `product_image` VALUES ('72', '20', '72', '2015-06-10 04:56:41', '2015-06-10 04:56:41');
INSERT INTO `product_image` VALUES ('73', '20', '73', '2015-06-10 04:56:41', '2015-06-10 04:56:41');
INSERT INTO `product_image` VALUES ('74', '20', '74', '2015-06-10 04:56:41', '2015-06-10 04:56:41');
INSERT INTO `product_image` VALUES ('75', '21', '75', '2015-06-10 06:29:04', '2015-06-10 06:29:04');
INSERT INTO `product_image` VALUES ('76', '21', '76', '2015-06-10 06:29:04', '2015-06-10 06:29:04');
INSERT INTO `product_image` VALUES ('77', '21', '77', '2015-06-10 06:29:04', '2015-06-10 06:29:04');
INSERT INTO `product_image` VALUES ('78', '21', '78', '2015-06-10 06:29:04', '2015-06-10 06:29:04');
INSERT INTO `product_image` VALUES ('79', '21', '79', '2015-06-10 06:29:04', '2015-06-10 06:29:04');
INSERT INTO `product_image` VALUES ('80', '21', '80', '2015-06-10 06:29:05', '2015-06-10 06:29:05');
INSERT INTO `product_image` VALUES ('81', '21', '81', '2015-06-10 06:29:05', '2015-06-10 06:29:05');
INSERT INTO `product_image` VALUES ('82', '22', '82', '2015-06-10 06:36:29', '2015-06-10 06:36:29');
INSERT INTO `product_image` VALUES ('83', '22', '83', '2015-06-10 06:36:29', '2015-06-10 06:36:29');
INSERT INTO `product_image` VALUES ('84', '22', '84', '2015-06-10 06:36:29', '2015-06-10 06:36:29');
INSERT INTO `product_image` VALUES ('85', '22', '85', '2015-06-10 06:36:29', '2015-06-10 06:36:29');
INSERT INTO `product_image` VALUES ('86', '22', '86', '2015-06-10 06:36:29', '2015-06-10 06:36:29');
INSERT INTO `product_image` VALUES ('87', '22', '87', '2015-06-10 06:36:29', '2015-06-10 06:36:29');
INSERT INTO `product_image` VALUES ('88', '22', '88', '2015-06-10 06:36:30', '2015-06-10 06:36:30');
INSERT INTO `product_image` VALUES ('89', '23', '89', '2015-06-10 06:43:18', '2015-06-10 06:43:18');
INSERT INTO `product_image` VALUES ('90', '23', '90', '2015-06-10 06:43:18', '2015-06-10 06:43:18');
INSERT INTO `product_image` VALUES ('91', '23', '91', '2015-06-10 06:43:18', '2015-06-10 06:43:18');
INSERT INTO `product_image` VALUES ('92', '23', '92', '2015-06-10 06:43:18', '2015-06-10 06:43:18');
INSERT INTO `product_image` VALUES ('93', '23', '93', '2015-06-10 06:43:18', '2015-06-10 06:43:18');
INSERT INTO `product_image` VALUES ('94', '23', '94', '2015-06-10 06:43:18', '2015-06-10 06:43:18');

-- ----------------------------
-- Table structure for product_order
-- ----------------------------
DROP TABLE IF EXISTS `product_order`;
CREATE TABLE `product_order` (
  `id` int(10) unsigned NOT NULL AUTO_INCREMENT,
  `product_id` int(11) NOT NULL,
  `order_id` int(11) NOT NULL,
  `created_at` timestamp NOT NULL DEFAULT '0000-00-00 00:00:00',
  `updated_at` timestamp NOT NULL DEFAULT '0000-00-00 00:00:00',
  `number` int(11) DEFAULT NULL,
  PRIMARY KEY (`id`)
) ENGINE=InnoDB AUTO_INCREMENT=10 DEFAULT CHARSET=utf8 COLLATE=utf8_unicode_ci;

-- ----------------------------
-- Records of product_order
-- ----------------------------
INSERT INTO `product_order` VALUES ('1', '6', '1', '2015-06-08 06:45:33', '2015-06-08 06:45:33', null);
INSERT INTO `product_order` VALUES ('2', '5', '2', '2015-06-09 06:48:17', '2015-06-09 06:48:17', '1');
INSERT INTO `product_order` VALUES ('3', '5', '3', '2015-06-09 08:40:10', '2015-06-09 08:40:10', '2');
INSERT INTO `product_order` VALUES ('4', '6', '3', '2015-06-09 08:40:10', '2015-06-09 08:40:10', '1');
INSERT INTO `product_order` VALUES ('5', '11', '3', '2015-06-09 08:40:10', '2015-06-09 08:40:10', '1');
INSERT INTO `product_order` VALUES ('6', '3', '3', '2015-06-09 08:40:10', '2015-06-09 08:40:10', '8');
INSERT INTO `product_order` VALUES ('7', '13', '1', '2015-06-10 10:07:58', '2015-06-10 10:07:58', '3');
INSERT INTO `product_order` VALUES ('8', '17', '1', '2015-06-10 10:07:58', '2015-06-10 10:07:58', '1');
INSERT INTO `product_order` VALUES ('9', '22', '1', '2015-06-10 10:07:58', '2015-06-10 10:07:58', '10');

-- ----------------------------
-- Table structure for sliders
-- ----------------------------
DROP TABLE IF EXISTS `sliders`;
CREATE TABLE `sliders` (
  `id` int(10) unsigned NOT NULL AUTO_INCREMENT,
  `name` varchar(255) COLLATE utf8_unicode_ci DEFAULT NULL,
  `image` varchar(255) COLLATE utf8_unicode_ci DEFAULT NULL,
  `description` text COLLATE utf8_unicode_ci,
  `link` varchar(255) COLLATE utf8_unicode_ci DEFAULT NULL,
  `order` int(11) DEFAULT NULL,
  `state` tinyint(1) NOT NULL DEFAULT '1',
  `highlight` tinyint(1) NOT NULL DEFAULT '0',
  `position` varchar(255) COLLATE utf8_unicode_ci DEFAULT NULL,
  `created_at` timestamp NOT NULL DEFAULT '0000-00-00 00:00:00',
  `updated_at` timestamp NOT NULL DEFAULT '0000-00-00 00:00:00',
  PRIMARY KEY (`id`)
) ENGINE=InnoDB AUTO_INCREMENT=3 DEFAULT CHARSET=utf8 COLLATE=utf8_unicode_ci;

-- ----------------------------
-- Records of sliders
-- ----------------------------
INSERT INTO `sliders` VALUES ('1', 'Slider 1', 'dwr5vd6if7a7rbl.png', '', 'https://www.facebook.com/', '1', '1', '0', 'main_slider', '2015-08-15 02:26:57', '2015-08-15 02:26:57');
INSERT INTO `sliders` VALUES ('2', 'Slider2', 'drrk2u5zljusj9b.png', '', 'http://matkinhrayban.local/', '2', '1', '0', 'main_slider', '2015-08-15 02:31:06', '2015-08-15 02:31:06');

-- ----------------------------
-- Table structure for users
-- ----------------------------
DROP TABLE IF EXISTS `users`;
CREATE TABLE `users` (
  `id` int(10) unsigned NOT NULL AUTO_INCREMENT,
  `username` varchar(255) COLLATE utf8_unicode_ci NOT NULL,
  `password` varchar(255) COLLATE utf8_unicode_ci NOT NULL,
  `state` int(11) NOT NULL DEFAULT '1',
  `email` varchar(255) COLLATE utf8_unicode_ci NOT NULL,
  `facebook` tinyint(1) NOT NULL DEFAULT '0',
  `name` varchar(255) COLLATE utf8_unicode_ci DEFAULT NULL,
  `gender` int(11) DEFAULT NULL,
  `birthday` date DEFAULT NULL,
  `address` varchar(255) COLLATE utf8_unicode_ci DEFAULT NULL,
  `phone` varchar(255) COLLATE utf8_unicode_ci DEFAULT NULL,
  `newletters` tinyint(1) NOT NULL DEFAULT '1',
  `user_type` varchar(255) COLLATE utf8_unicode_ci DEFAULT NULL,
  `active_token` varchar(255) COLLATE utf8_unicode_ci DEFAULT NULL,
  `remember_token` varchar(100) COLLATE utf8_unicode_ci DEFAULT NULL,
  `created_at` timestamp NOT NULL DEFAULT '0000-00-00 00:00:00',
  `updated_at` timestamp NOT NULL DEFAULT '0000-00-00 00:00:00',
  PRIMARY KEY (`id`)
) ENGINE=InnoDB AUTO_INCREMENT=5 DEFAULT CHARSET=utf8 COLLATE=utf8_unicode_ci;

-- ----------------------------
-- Records of users
-- ----------------------------
INSERT INTO `users` VALUES ('1', 'admin', '$2y$10$cvYUs4mX.B6HeAbQ7DBc4.VCPMd9.mQOlr0l/YmDn9OYwmGU0Fgjy', '1', 'ptheme.net@gmail.com', '0', 'Administrator', null, null, null, null, '1', 'admin', null, 'GPKlYoqyxEBug3H0MgTdwpGOwcgsF8kkEvjLZUFC2lE1yFEmRb4mG4wDtJl5', '2015-06-01 02:09:43', '2015-06-17 02:49:45');
INSERT INTO `users` VALUES ('3', 'huuminhmytien', '$2y$10$BYSi.6aWxhCugb6zGSGXsOmZ.UAGx4s6suQ22i.31HUd3Cg87f4GO', '1', 'huuminhmytien', '0', 'MinhRayBan', null, null, null, null, '1', 'admin', null, null, '2015-06-17 02:49:15', '2015-06-17 02:49:15');
INSERT INTO `users` VALUES ('4', 'hungduyhung88@gmail.com', '$2y$10$/wCVYUcNgx/KA6eVaWnhROu8yvtEDVE/ro9VMZik7zT1Z6aFZhoN.', '1', 'hungduyhung88@gmail.com', '0', 'Duy Hung', null, null, null, null, '1', 'admin', null, null, '2015-08-15 09:46:41', '2015-08-15 09:46:41');
